name,principal_name,email,website
St. Ann's College for Women,"Anuradha Udumudi Dr, GeneTech CH, Golconda Hotels Mini Jacob, Nisha Joseph Principal Asst, Ranjith Kumar, Wendy Fleming In, en as they embarked, iven initiatives to enhance, of St Ann",office@stannesfgcmillerroad.edu.in,https://stanns.edu.in
Osmania University College of Science,Kumar Molugaram,"principal.ucs@osmania.ac.in, vc@osmania.ac.in",https://www.osmania.ac.in
Nizam College,"Arati Jadhav, ESSAL CELL GREEN BELT, as for, essor of Commerce Vice, ile Established in","placements@nizamcollege.ac.in, principal@nizamcollege.ac.in",https://nizamcollege.ac.in
SR & BGNR Govt. Degree College,"Anju Atmaram Bhagat Mahatma, Bhausaheb Gurubasu Kore Adarsh, Dasari Madhulatha Andhra Loyola, Padmalochan Rout, Shivagaje Ashok Jagannath Agriculture, as Chennai, asekhara Reddy Sr Govt, ess Name of the","prl-gdc-arpt-ce@telangana.gov.in, prl-gdc-bcm-ce@telangana.gov.in, prl-gdc-blmp-ce@telangana.gov.in, prl-gdc-kmm-ce@telangana.gov.in, prl-gdc-ktdm-ce@telangana.gov.in, prl-gdc-mngr-ce@telangana.gov.in, prl-gdc-plvc-ce@telangana.gov.in, prl-gdc-spl-ce@telangana.gov.in, prl-gdc-yld-ce@telangana.gov.in",nan
Kakatiya University College,"ASM Degree, Bheemarthi Sukumari, Boddyreddy Rama, Mallam Naveen, essor of Economics, ika Memorial","principal.education@kakatiya.ac.in, principal.kucet@kakatiya.ac.in, principal.law@kakatiya.ac.in, principal.uasc@kakatiya.ac.in, principal.uc@kakatiya.ac.in, principal.uccbm@kakatiya.ac.in, principal.ucpe@kakatiya.ac.in, principal.ucpsc@kakatiya.ac.in, principal.upcsw@kakatiya.ac.in, principal.upgcb@kakatiya.ac.in, principal.upgcj@kakatiya.ac.in, principal.upgckmm@kakatiya.ac.in, principal.upgcktm@kakatiya.ac.in, principal.upgcm@kakatiya.ac.in, principal.upgcnrml@kakatiya.ac.in, principal.upgcw@kakatiya.ac.in, principalucetw@kakatiya.ac.in, vc@kakatiya.ac.in, webmaster@kakatiya.ac.in",https://www.kakatiya.ac.in
Aurora's Degree College,"About Auroar, Governing Council AICTE, SHILPI DEWANGAN Bhilai ssec, Swarnim Ghosh VARANASI swarnimghosh, ess Code, essional and ethical practices, essional and support staff, essional materials, is responsible for the, ive lV","2021060@slhschool.ac.in, adcadmin@adc.edu.in, admin@adc.edu.in, adupaveena_pg@adc.edu.in, ao@adc.edu.in, examination@adc.edu.in, info@adc.edu.in, nss@adc.edu.in, rahulg@adc.edu.in, suvarnalakshmic@adc.edu.in, yakshitha_pg@adc.edu.in",https://www.auroradegree.ac.in
St. Francis College for Women,"Anitha Thomas Asst, Archana Dinesh, Energy Tech Global, Higher Education, Name of Principal, Phone Number with STD, Uma Joseph Principal, ess of the Institution, ess of the Organization, essional Ethics, essional Programming, essional Studies, essor Dept",info@sfc.ac.in,https://www.stfranciscollege.ac.in
Govt. Degree College for Women,"Hafizullaha Sheikh Dr, Nighat Parveen Prof, Pinu Andarabi, Zuhaib Bazaz, Zuhaib Bazaz View My, of Govt","examination@gcwnk.ac.in, principal@gcwnk.ac.in",nan
Vasavi College of Engineering,"Chemistry Dept, Civil Engineering Dept, Jacqueline Amaral, Mathematics Dept, Mechanical Engg, Physics Dept","hodchemistry@staff.vce.ac.in, hodcivil@staff.vce.ac.in, hodcse@staff.vce.ac.in, hodece@staff.vce.ac.in, hodeee@staff.vce.ac.in, hodhss@staff.vce.ac.in, hodit@staff.vce.ac.in, hodmaths@staff.vce.ac.in, hodmec@staff.vce.ac.in, hodphy@staff.vce.ac.in, library@staff.vce.ac.in, principal@staff.vce.ac.in",https://www.vasavicollege.ac.in
JNTU Hyderabad,"Academic and Planning, Balaram Naik Amgothu, Investigator of seven research, Krishna Mohan Rao, Rao embodies the spirit, Rao is the convenor, essor and an Associate, essor in Computer Science, essor in ECE Assistant, essor in Mechanical Engg, essor of Computer Science, essor of Mechanical Engineering, essor of Nanotechnology and, essor of Nanotechnology at, essor oinMechanical Engg, exel Univ","_sunitha@jntuh.ac.in, baddam_sunitha@ntuh.ac.in, complaint.ceh@jntuh.ac.in, dejntuh@jntuh.ac.in, dr.tvgopal@jntuh.ac.in, enviousraju@jntuh.ac.in, info.ceh@jntuh.ac.in, jntuhcer@jntuh.ac.in, mailvishnu@jntuh.ac.in, narsimha06@jntuh.ac.in, pa2rector@jntuh.ac.in, pa2registrar@jntuh.ac.in, principal-jntuhucew@jntuh.ac.in, principal.ucesthjntuh@jntuh.ac.in, principalcer@jntuh.ac.in, smsdir@jntuh.ac.in, sridharch@jntuh.ac.in, ucemb@jntuh.ac.in, ucepl@jntuh.ac.in, vcjntu@jntuh.ac.in",https://www.jntuh.ac.in
Muffakham Jah College of Engg,"AWARD and HONORARY FELLOWSHIP, Basheer Ahmed, SURAMPUDI SRINIVASA RAO, as Institute of Technology, ess Mount Pleasant, ess of the Institution, essional Ethics, essional advancement and bench, essor Ashfaque Jafari, essor Associate Professor Assistant, essor Male Female Others, essor for LUC, iven Web Development Workshop, one Centre of Excellence","alumni@mjcollege.ac.in, placements@mjcollege.ac.in, principal@mjcollege.ac.in",https://www.mjcollege.ac.in
Govt. City College,"ESSOR ABU SALEH MOHAMMAD, Mrs Baishali Singha Principal, Ratnakar Pani, Situated in the prime, Vice Chancellor PROFESSOR JASHIM, ama Club Debate Club, as the chair person, staff and students",,nan
Hyderabad Public School,"After finishing his graduation, Profile From The Principal, are very caring and, en Grow Better, ess With Pin Code, ile of the Principal, inking Water","admissions@hieschool.edu.in, info@svishyd.edu.in",https://www.hps.edu.in
Narayana Junior College,"Narayana hails from Haranathapuram, Phone Number Email Address, Praveena Vijayan is the, Sindhura Narayana, Sindhura Narayana firmly believes, Sindhura has introduced groundbreaking, ess Melange Towers, essional post, iven by, of Narayana Educational Institutions, of the Narayana Group, of the institution, ound grasp of the",,https://www.narayanagroup.com
Sri Chaitanya Junior College,"Aryak Guha, Atanu Mitra Sri Rupam, Banidipa Mandal Biswas, Biswanath Sarkar Teachers, Chinmay Biswas In, Chinmay Biswas Teachers, Deeptanil Ray, Dibyendu Panigrahi IQAC Co, Indramohan Mandal Principal Dr, Indramohan Mandal Secretary Dr, Iswar Akhuli, Manik Bhakta In, Mrinmay Mallick, Paromita Roy Sri Jadav, Partha Biswas, Pradip Kr, Raja Basu, Samrendranath Chatterjee Dr, Sanchayita Debnath Teachers, Sangita Mallik Lahiri, Sanjita Mallik Lahiri, Sharmili Mukherjee, Sharmili Mukherjee Chakravarty About, Snigdhadip Chakraborty, THE INSTITUTION AND OTHER, ess Plot No, essional Courses UPSC Services",,https://www.srichaitanya.net
Osmania Medical College,"Margaret Voila, Microbiology Phone, Narajuna Chary, Syed Ahmed Mohiuddin, Syed Imamuddin, essor and Head, essor and Head of, essor of Anatomy, essor of Anatomy Ph, essor of Community Medicine, essor of Pathology Ph, essor of Pharmacology, madam Dr, of Biochemistry Ph, of Pharmacology Ph, of SPM Ph, of this esteemed institute",_hyd-ts@nic.in,https://osmaniamedicalcollege.org
Deccan College of Medical Sciences,"Aleem Uddin Naveed Medical, Anjum Sultana Khatoon, Ashfaq Hasan Principal, Ashfaq Hasan Professor, Garoor Krishna Narayan Prasad, Mazharuddin Ali, Mohammed Abdul Majid Adil, Mohammed Aleemuddin Naveed Professor, Mutlaya Gopal Kishan Professor, Rajesh Neeluri, Syeda Amtul Yafe Asst, Syeda Amtul Yafe Awesome, ess of this MBBS, essor of Community Medicine, essor of General Medicine",,https://dcmshyderabad.webnode.in
Hyderabad Institute of Technology,"IIT Hyderabad Dear Friends, IIT Hyderabad Innovations, Ruchir Shrivastava, and Professor of ECE, ess for communication, essal Alumni Student Complaint, essional platform to enhance, ile Prof, one Technology Facebook","ao@mgit.ac.in, principal@mgit.ac.in, principal@mist.ac.in",https://www.hitam.org
Chaitanya Bharathi Institute,"ESSAL CELL ESTABLISHMENT, Shirisha Deshpande, ess Chaitanya Bharathi Institute, ess of the Institution, ess of the Principal, ess of the Society, essing the grievances of","_enquiry@cbit.ac.in, info@cbit.edu.in, principal@cbit.ac.in, sreedhar.cse@cbit.edu.in, tpo@cbit.edu.in",https://www.cbit.ac.in
Gokaraju Rangaraju Inst of Engg,"Ch Mallikarjuna Rao, IIT Delhi, Jitendarnath Mungara, Mohammed Hussain, Praveen Jugge Principal Flat, Surbhi Gupta, ess Dr, essal Mechanism An online, essal portal is established, the Institution","_civil@griet.ac.in, doe@griet.ac.in, info@griet.ac.in",https://www.griet.ac.in
KG Reddy College of Engineering,"The Insititute Is Principal, Udaya Sree Kakrla, ess Beside Moinabad Police, ess Of The Institute, essional challenges with confidence, essional journey, essionals and innovators, ives excellence across academics",principal@kgr.ac.in,https://www.kgr.ac.in
Mahatma Gandhi Institute of Technology,"Ashok Kumar Sharma, Fauzia Siddiqui, Pawan Chandak, Raj Kumar, Sundara Murthy Krishnan, aMohan Reddy, aMohan Reddy Principal, aMohan Reddy View Post, eam destination for the, ess Name of the, essor of Mechanical Engineering, photo It is my","ao@mgit.ac.in, coe@mgit.ac.in, principal@mgit.ac.in, secretary@mist.ac.in",https://www.mgit.ac.in
Sreenidhi Institute of Science,"Challa Srinivas Rao Dr, SNIST Advisors Dr, SNIST Dr, Shakeel Ahmad Joint Secretary, Sreenidhi Institute of Science, ess including Telephone, ess of the Society, ess of the Trust, ess of the Vice, essionals and non, essor of English, it organization founded by","info@sreenidhi.edu.in, mramesh@sreenidhi.edu.in, principal@sreenidhi.edu.in",https://www.sreenidhi.edu.in
Govt. Degree College Nizamabad,"Abdul Quddus, Basheer Ahmad, Bashir Ahmed drbashirahmed, Farrah Fatima, Farzana Begum, Fateh Mohd fmabbasi, Javed Ahmed Tramboo, Kamaljeet Singh, Malik Raihan Ahmad, Mohammad Rafique Abdul Sattar, Mushtaq Ahmad lone, Qumar Rabani, Qutubuddin Sarshar, Raj Kumar Gupta guptarajkumar, Syed Aleem Qureshi, Tariq Ahmed Chalkoo, Tariq Hussain Tamkeen, Tehseen Abas Khan, Venugopala Swamy, Yasar Ahmed hmadyasar, Zameer Ahmed Mirza, ate of Distance Education",cdoeadm2025@manuu.edu.in,nan
Govt. Degree College Karimnagar,"Aftab Alam Baig, Ajaz Ahmed, Akhtar Hussain, Mohd Latif Mir, Mushtaq Ahmad lone, Secretary to Govt, Shaik Mahaboob Basha, Tariq Ahmed Chalkoo, Tariq Hussain Tamkeen, Wajada Ishrat, Zamir Ahmed Mirza, opouts and to those","cdoeadm2025@manuu.edu.in, prl-gdc-asf-ce@telangana.gov.in, prl-gdc-kznr-ce@telangana.gov.in",nan
Satavahana University College,"Ravi Kumar Jasti, Sujatha Surepally, ession with State Best, ile Almanacs Exam Results, it organizations for the",coe@satavahana.ac.in,https://www.satavahana.ac.in
Kakatiya Medical College,"Chemistry Dept, Civil Dept, English Dept, Mathematics Dept, Physics Dept, Sandhya Sunkaraneni, usham pavitramiha vidyate","director.pgadmissions@kakatiya.ac.in, registrar@kakatiya.ac.in, vc@kakatiya.ac.in",https://www.kmcwarangal.ac.in
Warangal Institute of Technology,"Bala Prakash Killi, Balaprakasa Rao Killi as, Bidyadhar Subudhi, Chilukoti Hari Krishna Assistant, Eiji Oki of Kyoto, Mahamad Nabab Alam Assistant, Narayanarao Bhogapurapu, Priyanka Chawla Associate Professor, Ramya Araga Assistant Professor, Sangharatna Godboley Assistant Professor, Sanjaya Kumar Panda has, Srinagalakshmi Nammi Assistant Professor, essal Anti Ragging ICC, essor Gr, essor of ECE","_nitwsiemenscoe@nitw.ac.in, abhijeetp@nitw.ac.in, ashishp@nitw.ac.in, bharats@nitw.ac.in, bokkasadanandam@nitw.ac.in, chk@nitw.ac.in, gajbhiyec@nitw.ac.in, ilaiahgaja@nitw.ac.in, kasubojulas@nitw.ac.in, khaprep@nitw.ac.in, kjayaraj@nitw.ac.in, koyyaa@nitw.ac.in, kumaraswamyb@nitw.ac.in, mannep@nitw.ac.in, mnalam@nitw.ac.in, nkrishnaswamy@nitw.ac.in, principal@bitswgl.ac.in, principal@kitsw.ac.in, ramyaaraga@nitw.ac.in, sanghu@nitw.ac.in, sathishv@nitw.ac.in",https://www.wits.ac.in
Govt. Degree College Mahbubnagar,"Mr Dr, Ramakrishna More Arts, Tanmoy Pandurang Vinod Basak, adhri kothagudem Hamirpur Odisha, anath Tagore, ess Sri nagar, ess for Communication, ile Name with Designation, iven by our guiding",,nan
Palamuru University College,"Baidyanath Labh Vice Chancellor, Basheer Ahmed, IQAC SC, PG Centres, ate of Academic Audit, ess Vice, essor of Physics, ile Vision, of Academic Audit Cell","s@crsu.ac.in, vc@crsu.ac.in, vc@nnm.ac.in",https://www.palamuruuniversity.ac.in
Govt. Degree College Khammam,"RJC Degree, Reddyvari Jayachandra Reddy, eams and goals, ess Name of the, ess Year of Estt",,nan
Telangana University College,"Alumni Association, Atthar Sultana, Career Guidance, Centre for Distance Education, Competitive Examination Cell, Cultural Activities, Grievance Cell, Haritha Lakkaraju, Jetling Yellosa, Kasula Kiranmayee, Khyser Mohammed, Kiran Rathod, Legal Aid Clinic, Legal Cell, Mahender Aileni, Saritha Pitla, Veerabhadram Bhukya, Women Cell, ess Dichpally","principaltusc@telanganauniversity.ac.in, principalucass@telanganauniversity.ac.in, principaluce@telanganauniversity.ac.in, principalucl@telanganauniversity.ac.in, pro@telanganauniversity.ac.in, registrar@telanganauniversity.ac.in, tu@telanganauniversity.ac.in, turticell@telanganauniversity.ac.in",https://www.telanganauniversity.ac.in
Lords Institute of Engineering,"SYED AZAM PASHA QUADRI, Syed Azam Pasha Quadri, and Controller of Examination, essor and Head of","abdulrais@lords.ac.in, deanacademics@lords.ac.in, hodmech@lords.ac.in, principal@lords.ac.in",https://www.lords.ac.in
CVR College of Engineering,"Rameshwar Rao Professor, essor and Head of, ives and Control","g.sreelakshmi@cvr.ac.in, m.rajitha@cvr.ac.in, official-dakkaobulesh@cvr.ac.in",https://www.cvr.ac.in
TKR College of Engineering,"Girish Kumar Mekala Date, KMV Madan Kumar, Teegala Krishna Reddy Engineering, akiran Reddy, ess Teegala Krishna Reddy, ile of Vice Chancellor, of TKRCET and an","coe@tkrcet.ac.in, deanacademics@tkrcet.ac.in, info@tkrcet.ac.in, principal@tkrcet.ac.in",https://www.tkrcet.ac.in
Govt. Degree College Adilabad,"Ajaz Ahmed, Akhtar Hussain, Mohd Latif Mir, Mushtaq Ahmad lone, Tariq Ahmed Chalkoo, Tariq Hussain Tamkeen, Zamir Ahmed Mirza, ess Name of the, ess Year of Estt","prl-gdc-adb-ce@telangana.gov.in, prl-gdc-asf-ce@telangana.gov.in, prl-gdc-blmp-ce@telangana.gov.in, prl-gdc-icd-ce@telangana.gov.in, prl-gdc-kznr-ce@telangana.gov.in, prl-gdcw-adb-ce@telangana.gov.in",nan
Osmania University Law College,,"lawcollege@osmania.ac.in, vc@osmania.ac.in",https://www.osmania.ac.in
St. Mary's College for Women,"Manu Oommen Phone, Regional Development cmueller, Seema Panicker Help desk, Seema Panicker Phone, essionals and achievers who, of Advancement Operations lyeager, of Alumnae Relations McKenna, of Alumnae Relations and, of Annual Giving Communications, of Annual Giving and, of Annual Giving nstroup, of Corporate, of Gift Planning lhenzel, of Special Events Kathy",,https://www.stmaryscollegehyd.com
Bhavans Vivekananda College,"Chitranjan Sharma, GSVRK Choudary, Higher Education, Maruti ILno, PSN Reddy Retd, Ranjith Ramadurai Professor, Seema Ghosh Head, Sunil Somani",bvc@bhavansvc.ac.in,https://www.bvvcollege.org
CMR College of Engineering,"Chandrasekhara Rao Baru Mob, Ramamurthy continues to inspire, To The Principals Sir, ashekhar Reddy Mob, ess Name of the, essional background in Architecture, essor of Mechanical Engineering","admissions@cmr.edu.in, ao@cmrec.ac.in, exams@cmrec.ac.in, flice.sat@manuu.edu.in, info@cmr.edu.in, principal@cmnlonllne.ac.in, principal@cmrec.ac.in",https://www.cmrcet.ac.in
Vardhaman College of Engineering,"JVR Ravindra, JVR Ravindra Mob, Palla Rajeshwar Reddy Mob, Praveen Oggu HOD, and Professor of ECE, ess Name of the","dap@jntuh.ac.in, principal@aceec.ac.in, principal@tkrcet.ac.in, principal@vaagdevi.edu.in, principalvjit@vjit.ac.in",https://www.vardhaman.org
Aurora Engineering College,"Bommakanti Veeranna Exact Designation, Bommakanti Veeranna Mob, Handbook Administration, Jakka Venkatesh Mob, Kandimalla Venkateswarlu Mob, MS Hema Mob, Mandadi Sreedhar Reddy Mob, Nimmatoori Ramesh Babu Mob, Pandari Pande Ex, Phone number with STDcode, ess Conact Us Conact, ess Name of the, ess of the organization","accounts@aurora.ac.in, admin@atri.edu.in, admin@aurora.ac.in, examination@aurora.ac.in, info@aurora.ac.in, kcs@aurora.ac.in, office@aurora.ac.in, principal@asti.edu.in, principal@aurora.ac.in",https://www.aec.edu.in
St. Xavier's College,"Arokya Swamy SJ, Madhu Sharma, Rashmi Jain, Raymond Cherubin SJ, Sebastian is deeply committed, Sophia Girls, St Xavier, Vimlesh Soni, Xavier Institute of Management, ess Veli, ile SC, ives us to explore",info@sxca.edu.in,https://www.xaviers.edu
Fergusson College,"Shriram Lagoo, essional physiotherapy, essional world, essors for inducing me",,https://www.fergusson.edu
Symbiosis College of Arts and Commerce,"Alpana Vaidya, Anil Adagale, Asmita Dani, Chandrani Chatterjee, Deepak Karandikar, Desai serves as Head, Gulshan Gidwani, Jayram Gadekar, Jini Jacob, Manasi Desai, Manasi Phadke, Neelofar Raina, Nilesh Waghmare, Sadanand Bhosale, Santosh Marwadikumbhar, Sarika More, Sharayu Bhakare, Sharayu Bhakare is an, Sharayu has led numerous, Sheena Mathews, Surabhi Jain, Tessy Thadathil, Yogini Chiplunkar, Zakira Shaikh, Zakira Shaikh has more, ashekhar Phule, ess urban climate challenges, essor in Commerce and, essor sharayu, the Centre for Innovation","contact@symbiosiscollege.edu.in, library@symbiosiscollege.edu.in, sarika.more@symbiosiscollege.edu.in, shaikh.zakira@symbiosiscollege.edu.in, sharayu.bhakare@symbiosiscollege.edu.in",https://www.symbiosiscollege.edu.in
Elphinstone College,"Ajay Chaudhari, Anamika Kadam, Bhavana Patole, Examination And Evaluation, Knowledge Resource Centre Dr, Madhuri Vasant Kagalkar, Madhuri Vasant Kagalkar is, Shriniwas Dhure Secondary Training, Student Development Shri, Suvidhyaa Sarvankar, Suvidyaa Sarvankar","admission@iscm.ac.in, info@elphinstone.ac.in, info@iscm.ac.in",https://www.elphinstone.ac.in
Ruparel College,"Bharat Tupere Deepti Mujumdar, Homl Bhabha Statlo UniverGity, Lata Menon, Rehana Vadgama deeptim, Sachin Labade, Sangoota Kongro, Sonall Rodo AGsoclalo Prolossor, Sushila Vijaykumar Dr Kamlakar, Sushlla Vijaykumar Associate Profossor, ese arch Re, essor MCA, oid ravinimavat, ound knowledge for our","bhaumikshah.mca@charusat.ac.in, kaushalgor.mca@charusat.ac.in, principal.cmpica@charusat.ac.in, ravinimavat.mca@charusat.ac.in, roneshgangavani.mca@charusat.ac.in",https://www.ruparelcollege.org
K.J. Somaiya College of Science,"Ajit Sapre, Dietmar Hueglin, Moses Kolet, Pradnya Prabhu, Pradnya Prabhu Principal, Rohidas Kale, Sendurai Mani, Smita Paranjape, Veera Gupta, Virendra Kumar Gupta, also reserves the right, reserves the right to",,https://kjssc.somaiya.edu
COEP Technological University,"Bhupati Kannur, Center of Excellence in, Center of Excellence of, Centre of Excellences, of Board of Examinations, of Board of Research, of Board of Students","abl.mfg@coeptech.ac.in, bahirati.office@coeptech.ac.in, chandras.elec@coeptech.ac.in, chiefrector@coeptech.ac.in, dean.engineering@coeptech.ac.in, dean.shm@coeptech.ac.in, director-research@coeptech.ac.in, director.exam@coeptech.ac.in, director.students@coeptech.ac.in, fao@coeptech.ac.in, gdk.hostel@coeptech.ac.in, head.snip@coeptech.ac.in, head.sres@coeptech.ac.in, hod.appsci@coeptech.ac.in, hod.meta@coeptech.ac.in, hod.mfg@coeptech.ac.in, hod.mme@coeptech.ac.in, hostel@coeptech.ac.in, ksg.hostel@coeptech.ac.in, kss.office@coeptech.ac.in, nmm.civil@coeptech.ac.in, pfv.meta@coeptech.ac.in, pps.extc@coeptech.ac.in, registrar@coeptech.ac.in, sonawanehp21.mech@coeptech.ac.in, sso.mech@coeptech.ac.in, takalkaras21.mfg@coeptech.ac.in, vc@coeptech.ac.in",https://www.coep.org.in
Wadia College,"Aftab Alam Controller of, Bheemsha Arya, Debabrata Das Professor, Leena Chandran Wadia Senior, Suresh Ramaswwamyreddy, ess Modern Education Society, ess of the Principal, ess of the Trust, essal Cell Anti Ragging, essal Cell Grievance Redressal, is available on the","director.admin@bmsce.ac.in, principal@bmsce.ac.in",https://www.wadiacollege.edu.in
Govt. Vidharbha Institute of Science,"ESS RESIDENTIAL ADDRESS DISTRICT, Kukadi Education Society, Santosh Chavan, Santosh Pawar, Sidhharth Kane Shri Suresh, Vijay Bhatkar Shri",,nan
ICT Mumbai (UDCT),"Aniruddha Bhalchandra Pandit, ICT Mumbai and Padma","ab.pandit@ictmumbai.edu.in, ar.acad@staff.ictmumbai.edu.in, ar.adm@staff.ictmumbai.edu.in, ar.athalye@ictmumbai.edu.in, ar.fin@staff.ictmumbai.edu.in, jb.joshi@ictmumbai.edu.in, stores@staff.ictmumbai.edu.in, vc@ictmumbai.edu.in",https://www.ictmumbai.edu.in
Pune University Dept. of Chemistry,"Angshuman Nag, Anindya Datta, Baloji Naik Prof, Deepa Khushalani, Kiran Kumar Sharma, Manjusha Shelke, Pravin Ingole, Sathyapal Nair Prof, Satishchandra Ogale, Shivram Garje, Umesh Kshirsagar, Vijayamohanan Pillai, essor Santosh",,https://www.unipune.ac.in
VPM's B N Bandodkar College,"Desk Prof, Dhiraj Dhotre, Sanjay Deshmukh, Sanjay Deshmukh Former Vice, Vinda Manjramkar, Vinda Manjramkar Designation, aSinh RaoRane, awn in favors of, essionals and socially responsible, of VPM, ug Administration",,https://www.bnbandodkar.edu.in
Wilson College,"Eric Michael, Jamson Masih click for, Paul Wilson Principal Download, essional Programs Study Abroad, of Graduate Education Programs, of Graduate Recruitment and",,https://www.wilsoncollege.edu
HR College of Commerce,"Arunkumar Gopu, CDSIMER Dr, Dinesh Kulkarni, IQAC Dr, Jasbir Kaur Sodi is, Madhuri Tikam is an, Navin Mukesh Punjabi Vice, Neha Jagtiani, PA NUMBER, PREM KUMAR, Pramod Naik, Pushpa Sarkar, Sodi has contributed extensively, Sodi is, Sudipto Bhattacharya, Sunil More, Truptha Shankar, Udaya Kumar Reddy, essional working actively in, essor and Vice Principal, iven by, of Lifelong Learning and","cfo@dsu.edu.in, chairman-ae@dsu.edu.in, chairperson-air@dsu.edu.in, coe@dsu.edu.in, dean-cee@dsu.edu.in, dean-cjmc@dsu.edu.in, dean-engg@dsu.edu.in, dean-law@dsu.edu.in, dean-lifesciences@dsu.edu.in, dean-research@dsu.edu.in, dean-sahs@dsu.edu.in, dean-sca@dsu.edu.in, dean-scms@dsu.edu.in, dinesh-des@dsu.edu.in, director-iqac@dsu.edu.in, nagraj-ae@dsu.edu.in, ppl-nursing@dsu.edu.in, ppl-pharmacy@dsu.edu.in, ppl-physio@dsu.edu.in, principal.cdsimer@dsu.edu.in, principal.sahs@dsu.edu.in, pvc-prakash@dsu.edu.in, registrar@dsu.edu.in, vicechancellor@dsu.edu.in",https://www.hrcollege.edu
Mithibai College of Arts,"Gayatri Tajne, Gayatri Tajne in her, Kavita Lute compered the, Meenakshi Wasnik gave introduction, Meenakshi Wasnik was the, Pratibha Siriya, Shailesh Bahadure, Tarangini Gunta, Usha Sakure, Usha Sakure gave the, Usha Sakure in her, components spanning students, ess The Session, ess the growing need","aparna@rmi.rizvi.edu.in, librarian@ssasc.edu.in, library@bncp.ac.in",https://www.mithibai.ac.in
KC College,"Aashu Vajpai, Ashis Nandy, Hemlata Bagla, Mridula Gupta, Nandini Sengupta, Pratibha Shah, Pratiksha Kadam, Radhakrishnan pillai, Rajesh Samant, Rajitha Satish, Rakhi Mehta, Ritika Pathak, Sakharam Muley, Samdhong Rinpoche, Satish Kolte, Shyam Pakhare, Suvarna Sharma, Vidhi Agrawal, at the national level, being awarded the best, eam of delivering quality, eams that for the, ess the needs of, essional pursuits, it organization with","askmeanything@kccollege.edu.in, office@kccollege.edu.in, studentsupport@kccollege.edu.in",https://www.kccollege.edu.in
Sophia College for Women,"AJAYKUMAR BHIMRAO PATIL ASSOCIATE, AMIT GOSWAMI ASSOCIATE, ANATH MAHAVIDYALAYA, ARCHANA JAIN ASSOCIATE PROFESSOR, EKKURTI VENKATESWARLU ASSISTANT PROFESSOR, ESSOR SHIKSHA, GAJANAN ANANTA DEOKAR ASSOCIATE, HAJI MOHD DAWOOD SHARIEFF, KESHAV RAMBHAO MORE ASSISTANT, PARIMAL MANDAL ASSISTANT PROFESSOR, POONAM GARG ASSOCIATE PROFESSOR, PRAKASH SINGH ASSISTANT PROFESSOR, RISHI RAJ ASSOCIATE PROFESSOR, SACHCHIDANAND SNEHI ASSOCIATE PROFESSOR, SHEOJEE SINGH ASSOCIATE PROFESSOR, SUNDAR NARAYAN JHA ASSOCIATE, TREVOR ALLIS ASSOCIATE PROFESSOR, his times took","admin@sophiacollege.edu.in, principal@sophiacollege.edu.in, vparts@sophiacollege.edu.in, vpscience@sophiacollege.edu.in, webadmin@sophiacollege.edu.in",https://www.sophiacollegemumbai.com
Ramnarain Ruia College,"Anupama Mujumdar, Anushree Lokur, Arjun Kharat, Ashwini Deshpande, ESS OF THE TRUST, ESS OF THE VICE, Gajanan Wader, Gajanan Wader Address, Gajanan Wader Principal Ex, Higher Education Konkan Region, Himani Chaukar, Kamini Donde, Keshav Tupe, Leena Kedare, Nominee Dr, Pillai Institute of Management, Pradeep Waghmare, Pravinchandra Bisht, Principal Name, Principal Nominee Dr, Sachin Palekar, Sandeep Joshi Principal, Sangeeta Kamat, Sasikumar Menon, Sujata Suvarnapatki Dr, Sunil Shankhadarwar, Urmila Moon, Vaibhavi Palsule, Vaishali Dabke, ai Charitable Trust",pcacs@mes.ac.in,https://www.ruiacollege.edu
Vaze Kelkar College,"ESS Kelkar Education Trust, Education drives out ignorance, Kiran Suresh Gaude, Monday to Saturday, Rajesh Bhatikar handled the, eam come true of",,https://www.vazekelkarcollege.org
SP College Pune,"Avinash Moharil, Avinash Moharil Principal, Avinash Moharil View Post, Mahila Mahavidyalaya Amravati Apr, Pravin Ranasure, Sunita Jadhav, Vidya Avachat, essionals equipped with knowledge, essor Mahila Mahavidyalaya, of Mahila Mahavidyalaya",,https://www.spcollege.ac.in
Modern College of Arts Pune,"Ashish Sartape, Dushyant Nimabalkar Physical Education, Nivedita Gajanan Ekbote, Nivedita Gajanan Ekbote Modern, Nivedita Gajanan Ekbote Principal, Nivedita Gajanan Ekbote Prof, Nivedita Gajanan Ekbote is, Photo Prof, Varsha Bapat View Post, ess for Correspondence, iles Placements Hostel Facilities","dascommercesf@moderncollegepune.edu.in, hodenglish@moderncollegepune.edu.in",https://www.moderncollegepune.edu.in
Abasaheb Garware College,"Faiz kurne Inamdar, Farzana Shaikh, Gauri Devasthali, Gupta Shrikant, Kamble Siddarth, Karuna Pardeshi agccomp, Katikar Anand, Miss Gore, Ranpicee Rajani Ph, Ravindrasingh Pardeshi Ph, Sanjay Zagade, Sulbha Patole Ph, Varsha Todmal, ess complaints of Sexual",ombudsperson@pune.nicmar.ac.in,https://www.agcollege.ac.in
Brihan Maharashtra College,"Deepak Poudel Visiting Hours, ess for XI standard, ess of Brihan Maharashtra",,https://www.bmcc.ac.in
Sir Parashurambhau College,"Avinash Moharil Principal, Koleker Ramdas Ph, Mahila Mahavidyalaya, Mahila Mahavidyalaya Amravati Apr, Miss Gauri Kulkerni Ph, Nale Jyoti, Nitin Mote Ph, Shubhangi Dev Ph, Valokar Deepak Ph, ess map, essionals equipped with knowledge, essor Mahila Mahavidyalaya, ile had been viewed, of Mahila Mahavidyalaya","addressprincipal@spcollegepune.ac.in, info@shahucollegepune.ac.in",https://www.spcollege.ac.in
Govt. College of Engineering Pune,"Ashish Vikhar Mr, DILIP RAMBHAU PANGAVHANE II, Dilip Rambhau Pangavhane, Extension Number, ILE OF PRINCIPAL BIO, ILE OF TEACHING STAFF, ess Avasari Khurd, ess Near EON IT, ess STD in Code, essor and Head of, essor of Automobile Engineering, the institute is designated","aaglave.saarika@gppune.ac.in, admin.mis@gcekarad.ac.in, admission@dpcoepune.edu.in, gayatri.karajagikar@gppune.ac.in, info@dpcoepune.edu.in, jyoti.dandale@gppune.ac.in, nilambari.devarkar@gppune.ac.in, principal.gcocara@dtemaharashtra.gov.in, principal@gcekarad.ac.in, principal@gppune.ac.in, registrar@gcoeara.ac.in, seema.kolhe@gppune.ac.in, swapnil.hatwalane@gppune.ac.in, tpo@gppune.ac.in",https://www.gcoep.ac.in
Visvesvaraya NIT Nagpur,ess of VNIT Visvesvaraya,deanacd@vnit.ac.in,https://www.vnit.ac.in
Govt. Medical College Nagpur,"Aarti Anand, Adesh More, Atul Rajkondawar, Bhushan Taywade, Devendra Mahore, Kavita Anand Dhabarde, Lokpriya Sakhare, Manish Bhawatkar, Manish Tiwari, Manjushri Waikar, Megha Tajane, Rajesh Balla, Sachin Sangode, Sandip Bhelkar, Sumedh Chaudhary, Surendra Patil, Uday Narlawar, Vaijayanti Nitin Gadre, Vijay Mobhiya, essional reasoning, essor Radiotherapy GMC Nagpur, essor and HOD, essor and Head",,https://www.gmcnagpur.com
Hislop College,"Allahad Chimote, Atul Bodkhe, ESS Temple Road, Prashant Shelke, Prashant Shelke Principal, Prashant Shelke is the, Rupali Talole, ile Co, ile Events Gallery, ile Vice Principal, owned in the vicinity","info@hislopcollege.ac.in, principal@hislopcollege.ac.in",https://www.hislopcollege.ac.in
Dr. Ambedkar College Nagpur,"Ambedkar Institute of Management, Amit Naik, Babasaheb Ambedkar Smarak Samiti, Dear Students, Gitanjali Mahamunkar, ate of Technical Education, essionals contributing significantly to, essor In, ika Yadav Date, of Dr","academicsection@dbatu.ac.in, affiliation@dbatu.ac.in, coe@dbatu.ac.in, em@dbatu.ac.in, fo@dbatu.ac.in, hamujawar@dbatu.ac.in, registrar@dbatu.ac.in, slnalbalwar@dbatu.ac.in, smpore@dbatu.ac.in",https://www.drambedkarcollege.ac.in
Walchand College of Engineering,"Arvind Yadav, Chinmay Desai, Dr Gnanasekaran Thangavel, Gomathy Chidambaram, Kalyan Singh Yadav, Key Functionaries at the, Kishor Kinage, Nikhil Kothari, Paventhan Rajangam, Pritesh Mankad, Shatrughna Pd YADAV, Surendra Rathod View Post, Veena Desai, Vijayakumar Thangavel, and Secretary, essionally competent",,https://www.walchandsangli.ac.in
Shivaji University College,"Ajay Kumar Singh, Commissioner of Income Tax, ESSOR Address DEPT, ESSOR DEPT, Internship Scheme Principal Internship, Panjabrao Deshmukh, Virender Bhardwaj, Virender Bhardwaj Principal, essional Courses","accountssection@shivaji.du.ac.in, adminsection@shivaji.du.ac.in, geography@shivaji.du.ac.in",https://www.unishivaji.ac.in
DY Patil College of Engineering,"Jai Ram Choudhary, Jai Ram Choudhary Mr, ess Dr, ess Near EON IT","_jobs@dypcoeakurdi.ac.in, admission@dypakurdipune.edu.in, admission@dypiu.ac.in, admissions@dypcoeakurdi.ac.in, helpdesk@dypiu.ac.in, info@dypcoeakurdi.ac.in, placements@dypcoeakurdi.ac.in, tpo@dypcoeakurdi.ac.in",https://www.dypvp.edu.in
Symbiosis Institute of Technology,"Amulya Prasad Panda Assistant, Babasaheb Ambedkar Museum, Bhavna Ambudkar, Mohmad Ausif Padder Assistant, Shshank Chaube Assistant Professor, ess Survey Number, ess Symbiosis Institute of, ess and Map Modallaguda, ess and Map Mouje, ess of the Society, ess of the organization, essional Member ACM USA","accounts@sithyd.siu.edu.in, adminofficer@sithyd.siu.edu.in, admissionphd@siu.edu.in, admissions@siu.edu.in, ausif.padder@sithyd.siu.edu.in, btechadmissions@sithyd.siu.edu.in, director@sithyd.siu.edu.in, director@sitnagpur.siu.edu.in, epic@sitpune.edu.in, info@sithyd.siu.edu.in, info@siu.edu.in, shshank.chaube@sithyd.siu.edu.in, sudhanshu.maurya@sitnagpur.siu.edu.in",https://www.sit.edu.in
FLAME University,"Dishan Kamdar is the, Kamdar handles these multifaceted, Kamdar is cited as, Kamdar specializes in teaching, ess is being protected, ession and within six, essor of Organisational Behaviour, essor of the Year, essor to all his, investment group with",enquiry@flame.edu.in,https://www.flame.edu.in
MIT College of Engineering Pune,"Bharat Chaudhari, Deepali Pankaj Javale, Exochos Static Technologies, Hitesh Joshi, Jyoti Mate, Kundlik Mali, Leadership and Governance, Prakash Mainkar, Pramod Kothmire on, Rahul Joshi, Sunil Karad Executive President, Surbhi Razdan, Vaishali Wangikar, ess Connect with Us, ive progress","admissions.mitsoe@mituniversity.edu.in, admissions@mitaoe.ac.in, admissions@mitwpu.edu.in, international.admissions@mitwpu.edu.in, outreach@mitwpu.edu.in",https://www.mitcoe.edu.in
Bharati Vidyapeeth College of Engg,"Abhijit Patil Member patilabhijeet, Desk Bharati Vidyapeeth was, Dharmender Saini PRINCIPAL, Dipak Bankar Member dsbankar, Kailasnath Sutar Professor kbsutar, Kavita Kulkarni Member kskulkarni, Kuldip Patil, Meena Chavan Member mschavan, Patangrao Ji Kadam on, Prakash Chavan Member pvchavan, Pramod Jadhav Member pajadhav, Pramod Londhe Associate Professor, Rajesh Ashok Kshirsagar Principal, Rajesh Jadhav Member rhjadhav, Sandip Vanjale Member sbvanjale, Shambala Shinde Associate Professor, Shivaji Jadhav Member sdjadhav, Venkatesh Kulkarni, Venkatesh Vaman Kulkarni Vice, Vidya Mrityunjaya Dodwad Vice, Vivek Saoji Vice Chancellor, ess of the Vice, ess the gap between, essal Mechanism has been, essal for Grievance of, essal mechanism for all, essor rslavate, essor sbwakurdekar, essor svdhole","dsbankar@bvucoep.edu.in, karade@bvucoep.edu.in, kbsutar@bvucoep.edu.in, kskulkarni@bvucoep.edu.in, mschavan@bvucoep.edu.in, pajadhav@bvucoep.edu.in, patilabhijeet@bharatividyapeeth.edu.in, principal@bvcoenm.edu.in, pvchavan@bvucoep.edu.in, pvlondhe@bvucoep.edu.in, rhjadhav@bvucoep.edu.in, rslavate@bvucoep.edu.in, rsprasad@bvducoep.edu.in, rsprasad@bvucoep.edu.in, sbvanjale@bvucoep.edu.in, sbwakurdekar@bvucoep.edu.in, scstcell@bvucoep.edu.in, sdjadhav@bvucoep.edu.in, snshinde@bvucoep.edu.in, sschavan@bvucoep.edu.in, svdhole@bvucoep.edu.in",https://www.bvcoem.edu.in
Somaiya Vidyavihar University,"Satyendra Kumar Upadhyay, op you at the",,https://www.somaiya.edu
NMIMS University Mumbai,"ESS SVKM, essional organizations",,https://www.nmims.edu
Kishinchand Chellaram College,"Hemlata Bagla, Kavita Lalchandani, Purnima Joshi, Sandhya Balakrishnan, essal Cell, essor Assistant Public Information","info@kclawhsnc.edu.in, office@kccollege.edu.in",https://www.kccollege.edu.in
Nowrosjee Wadia College,"Aftab Alam Controller of, Baba Dhdhbhate, Baisane Laxman Ph, Devasthali Hemant Ph, Gaikwad Shyamrao, Jadhav Jaiprakash Ph, Musharraf Husen, Pawar Yogesh Ph, Poonam Ponde View Course, Sanjida Abdul Khan View, Shinde Ravindra Ph, essal Cell Anti Ragging",mayurgohad@nowrosjeewadiacollege.edu.in,https://www.wadiacollege.edu.in
Dharampeth College Nagpur,"Abhay Mudgal, Akhilesh Peshwe, Dharampeth Polytechnic, Kapil Singhel, Manju Dubey Librarian, Manjushree Sardeshpande IQAC Co, Pitambar Humane Dr, Principal Dharampeth, Prlnclprl Dhlrtpdr, Rajendra Kakde, Sameer Kailas Kuduple, Shailesh Bahadure, Shraddha Deshpande The study, Student Welfare, Tanuja Nafde Principal, Ujwal Chakradeo, aja Bhatta NAAC Co, anath Tagore and Swami, eams that every committed, ess Total score MohitKhirdekar, essional by way of, op of diverse socio, rsmesn Website, to share this information","admin@rsmdacc.edu.in, principal@ramkrishnawaghcollege.edu.in",nan
Vidyanagari Arts Commerce College,"Bharat Namdeo Bhosale, Chandoji Sopan Gaikawad, Sudhir Ramachnadra Bhosale",,https://www.mu.ac.in
Christ University,"Anil Joseph Pinto, Basavaraj Donur, Battu Satyanarayana, Fr Abraham Vettiyankal Mani, Fr Joseph, Fr Viju, Johny Joseph, ess Christ, essional experience across India, of Poornodaya Training Centre","bmpmc.librarian@bldedu.ac.in, pskattimani@cuk.ac.in, registrar@cuk.ac.in, vc@cuk.ac.in",https://www.christuniversity.in
Bangalore University College,"Baba Gnanakumar, Bino Joseph cmshelpdesk, Dharmendra Kumar, Jonas Richard, Lingaraja Gandhi, Mahantha Gowda Principal Bapu, Manmohan Singh Bengaluru City, Marialal Joseph fr, Nalini RDesignation, Premanand Shetty Phone, Seshadripuram Institute of Commerce, Shri Anurag Behar, Shwetha PDesignation, Utkarsh Lokesh No, ess Dsignation Karnataka State, ess Kristu Jayanti, ile Link","admissions@alliance.edu.in, chancellor@alliance.edu.in, enquiry@alliance.edu.in, hrd@alliance.edu.in, info@bmscl.ac.in, oia@alliance.edu.in, placements@alliance.edu.in, principal@bmscl.ac.in, prochancellor@alliance.edu.in, registrar@alliance.edu.in, registrar@bcu.ac.in, registrar@bnu.ac.in, registrargeneral@alliance.edu.in, vc@alliance.edu.in, vc@bcu.ac.in, vc@bnu.ac.in",https://www.bangaloreuniversity.ac.in
Mount Carmel College,"George Lekha, Suma Joseph, ess of the Institution",admission@mccblr.edu.in,https://www.mountcarmelcollegeblr.ac.in
St. Joseph's College of Commerce,"Charles Lasrado, Joy Rodrigues, eam of, essional Programmes, essional Programmes General English","libinfo@sjcc.edu.in, obe@sjcc.edu.in, pathi@sjcc.edu.in, principal@sjcc.edu.in",https://www.sjcc.edu.in
RV College of Engineering,"Challa Narasimham, Justin Varghese, MP Shyam Rashtreeya Vidyalaya, Rajarajan Somasundaram, Srinivasan Andy, Sunil Bobade, aising Photo Gallery Faq, an Ruthramurthy PhD, iving Industry, oid App, orma Enquire Now Academics","principal@rvce.edu.in, subramanyakn@rvce.edu.in, viceprincipal@rvce.edu.in",https://www.rvce.edu.in
Mysore University Constituent College,"JC Rollo, Sarvepalli Radhakrishnan, essal Portal Prevention of, essors working in the","ajaykumar@ycm.uni-mysore.ac.in, principal@ycm.uni-mysore.ac.in",https://uni-mysore.ac.in
Manipal College of Arts,"Alumni Cell manipal, Arundhati Bag Associate Professor, Bina Pradhan, Centre for Doctoral Studies, Champa Sharma, NIKITA JOSHI SONOWAL PT, Nikita Joshi Sonowal Principal, Ramnarayan constantly examines how, Student Affairs manipal, TMA Pai Scholarships, ate of Research","admission.smims@smu.edu.in, admissionofficer@smcon.smu.edu.in, chairman.admission@smit.smu.edu.in, deepa.gurung@smu.edu.in, director.dor@smu.edu.in, principal.nursing@smu.edu.in, principal.physiotherapy@smims.smu.edu.in, prochancellor@smu.edu.in, uttamkumar.upadhyaya@smu.edu.in",https://www.manipal.edu
Govt. First Grade College Gulbarga,"Fr Victor Lobo, Investigator and has carried, Vijayaprakash Mob, essionalism across all its, essionals and socially responsible, iven by",ksoustudycentre@spcputtur.ac.in,nan
BMS College of Engineering,"Alpha Design Tech, BMSCE Dr, Bheemsha Vice Principal, CONVENER Dr, Debabrata Das Professor, Geetishree Mishra, KAVITHA SOODA, Leena Chandran Wadia Senior, RAJESWARI HEGDE, Rathan Raj, SUREKA NAAGESH, Suresh Ramaswwamy Reddy Vice, ess for Correspondence, ess of the Principal, ess of the Trust, essor and Head, essor of Electrical Engineering","basavarajugm.office@bmsce.ac.in, bharathi.mech@bmsce.ac.in, bhavanaht.ece@bmsce.ac.in, coe@bmsce.ac.in, dcoe@bmsce.ac.in, dean.academics@bmsce.ac.in, dean.fyb@bmsce.ac.in, dean.innovation@bmsce.ac.in, dean.studentaffairs@bmsce.ac.in, director.admin@bmsce.ac.in, drkjr.iem@bmsce.ac.in, geetishreemishra.ece@bmsce.ac.in, gurusaravana.mech@bmsce.ac.in, hod.chemical@bmsce.ac.in, hod.civ@bmsce.ac.in, hod.cse@bmsce.ac.in, hod.ece@bmsce.ac.in, hod.eee@bmsce.ac.in, hod.iem@bmsce.ac.in, hod.intn@bmsce.ac.in, hod.ise@bmsce.ac.in, hod.mech@bmsce.ac.in, hod.ml@bmsce.ac.in, hod.tce@bmsce.ac.in, indumathip.coe@bmsce.ac.in, laxmanhosakeri.lic@bmsce.ac.in, maheshwarik.coe@bmsce.ac.in, msd.chem@bmsce.ac.in, padminipv.office@bmsce.ac.in, poornima.coe@bmsce.ac.in, principal@bmsce.ac.in, purushothama.coe@bmsce.ac.in, raghu.civ@bmsce.ac.in, ranjithan.coe@bmsce.ac.in, ravi.mech@bmsce.ac.in, sanjanat.ece@bmsce.ac.in, saritha.cse@bmsce.ac.in, shilpa.coe@bmsce.ac.in, shruthij.coe@bmsce.ac.in, shubhapr.coe@bmsce.ac.in, shwethac.coe@bmsce.ac.in, viceprincipal.adm@bmsce.ac.in, viceprincipal@bmsce.ac.in, vidyahegde.coe@bmsce.ac.in",https://www.bmsce.ac.in
Govt. Science College Bengaluru,"Bheemsha Arya, Debabrata Das Professor, Jyothi Venkatesh, Leena Chandran Wadia Senior, Nominated by the Collegiate, Shamla Iqbal, Suresh Ramaswwamyreddy, as Road, egowda Dr, ess MSR Nagar, ess St Joseph, ess of the Principal, ession and Self, essionals in the field, essor in Organizational Behaviour, ile of the Principal, of Extension, of Research","principal@lcechennai.edu.in, principal@msrcasc.edu.in, pro@gcu.edu.in, prs-fd@karnataka.gov.in, registrar@uasbangalore.edu.in, secyhort-ah@karnataka.gov.in, vc@uasbangalore.edu.in",nan
Jyoti Nivas College,"Anantha Lakshmi Institute, Karuna Gokarn, Kiran Thampi, Roopa Philip, Srinivas Institute, ess For Communication Jyoti",,https://www.jyotinivascollege.edu.in
Indian Institute of Science,"Dipshikha Chakravortty Email, Govindan Rangarajan obtained an, Rangarajan has also served, Ranjini Raghunath, Subhojoy Gupta, admin dr, ahman mithunc roopalakshmi krakshith, aising and alumni outreach, essor at the Institute, of IISc","ascdean.ugacad@iisc.ac.in, chair.aero@iisc.ac.in, chair.bc@iisc.ac.in, chair.be@iisc.ac.in, chair.caos@iisc.ac.in, chair.cct@iisc.ac.in, chair.ceas@iisc.ac.in, chair.ces@iisc.ac.in, chair.chep@iisc.ac.in, chair.cps@iisc.ac.in, chair.dm@iisc.ac.in, chair.ece@iisc.ac.in, chair.ee@iisc.ac.in, chair.ese@iisc.ac.in, chair.iap@iisc.ac.in, chair.icer@iisc.ac.in, chair.ipc@iisc.ac.in, chair.math@iisc.ac.in, chair.mgmt@iisc.ac.in, chair.mrc@iisc.ac.in, chair.phy@iisc.ac.in, convener.imi@iisc.ac.in, convenor.kiac@iisc.ac.in, dean.sci@iisc.ac.in, dean.ug@iisc.ac.in, directory.ooc@iisc.ac.in, office.aero@iisc.ac.in, office.bc@iisc.ac.in, office.be@iisc.ac.in, office.caos@iisc.ac.in, office.cct@iisc.ac.in, office.ceas@iisc.ac.in, office.ces@iisc.ac.in, office.chep@iisc.ac.in, office.cps@iisc.ac.in, office.director@iisc.ac.in, office.dm@iisc.ac.in, office.ece@iisc.ac.in, office.ee@iisc.ac.in, office.ese@iisc.ac.in, office.iap@iisc.ac.in, office.icer@iisc.ac.in, office.imi@iisc.ac.in, office.ipc@iisc.ac.in, office.kiac@iisc.ac.in, office.math@iisc.ac.in, office.mgmt@iisc.ac.in, office.mrc@iisc.ac.in, office.ooc@iisc.ac.in, office.phy@iisc.ac.in, office.ugdean@iisc.ac.in, registrar@iisc.ac.in, x@iisc.ac.in",https://www.iisc.ac.in
National Law School of India,"Akhila Gangadhar Basalalli Assistant, Aniket Nandan Assistant Professor, Anwesha Ghosh Assistant Professor, Aparna Chandra Associate Professor, Mrinal Satish Professor of, Professional and Continuing Education, Sudhir Krishnaswamy Vice Chancellor, essional And Continuing Education, essional and Continuing Education, essor of Law, essor of Law NLSIU","admissions.ba@nls.ac.in, admissions.pace@nls.ac.in, admissions@nls.ac.in, akhila.basalalli@nls.ac.in, aniket.nandan@nls.ac.in, anupama.sharma@nls.ac.in, anwesha@nls.ac.in, aparnachandra@nls.ac.in, contactus@nls.ac.in, donate@nls.ac.in, fle@nls.ac.in, garima.gupta@nls.ac.in, geetanjali.sharma@nls.ac.in, meenakshi.ramkumar@nls.ac.in, mihirnaniwadekar@nls.ac.in, mrinalsatish@nls.ac.in, nlsat.query@nls.ac.in, outreach.ba@nls.ac.in, pace@nls.ac.in, registrar@nls.ac.in, vc@nls.ac.in, vcoffice@nsl.ac.in",https://www.nls.ac.in
St. Joseph's College Bengaluru,"Arul Mani, Charles Lasrado SJ, Charles Lasrado SJ Principal, Christo Selvan, Daniel Fernandes SJ, Melwyn Pinto SJ Pro, Paul Newman, Syed Wajeed, Victor Lobo, Victor Lobo SJ, Victor Lobo SJ Vice, as and later with, ess St Joseph, nominated by the Vice","christoselvan@sjc.ac.in, desk@sjc.ac.in, principal@sjcc.edu.in",https://www.sjcollege.ac.in
Bishop Cotton Women's College,"Amitha Santiago Assistant Professor, Bishop Cotton Women, Esther Prasanakumar Principal, Vinay Kumar, Vinay Kumar Yadav Associate, Vincent Vinod Kumar Bishop, in charge Bishop Cotton","admissions@bcwclc.edu.in, principal@bcwcc.edu.in",https://www.bishopcottonwomenscollege.com
PES University,"Ph No, Prasanna Kumar, Vinay SVice Principal, ess will not be, essor and Head of, oid App FOLLOW US","admissions@pesce.ac.in, deanresearch@pesce.ac.in, hodcse@pestrust.edu.in, office@pessacmandya.ac.in, placement@pesce.ac.in, principal@pesce.ac.in, principal@pescoe.ac.in, principal@pessacmandya.ac.in, registrar@pescoe.ac.in, systemadmin@pescoe.ac.in",https://www.pes.edu
Ramaiah Institute of Technology,"Abby Matthew, Abby Matthew Professor and, Anita Kanavalli, Bharath Srinivasan, Bharath Srinivasan Professor and, Chinmaya Institute of Nursing, Josy Elsa Varghese, Kavitha Prasad, Kavitha Prasad Professor, Krishna Murthy, MS Ramaiah Institute of, Monica Mundada, Raji George, Rakesh Kalshetty, Ramaiah Institute of Technology, Roshni Ramachandran, Sanjay Desai, Sarat Kumar Maharana, Sarat Kumar Maharana Professor, Savita Ravindra, Savita Ravindra Principal and, Shalini Nooyi, Shalini Nooyi Principal and, Soma Chaki, Soma Chaki Professor and, Sonali Jadhav Tarachand, Sonali Jadhav Tarachand Principal, ess Jnana Sangama, ess of the Institution, essional Development Dr Sanjay",admissions@msruas.ac.in,https://www.msrit.edu
Dayananda Sagar College,"Emeritus Dr, Ramnarayan BK MDS Associate, Savita AM MDS Associate, eams At DSI DSI, ess is being protected, the Dept","asso-dean-admin@dscds.edu.in, asso-dean-pg@dscds.edu.in, asso-dean-research@dscds.edu.in, asso-dean-ug@dscds.edu.in, avinashj@dscds.edu.in, culturals@dscds.edu.in, info-arc@dsca.edu.in, principal@dscds.edu.in",https://www.dayanandasagar.edu
New Horizon College of Engineering,"Anitha Rai, Gurucharan Singh, Mohan Manghnani, Sanjeev Sharma, Shanmukha Nagaraj, Subir Kumar Banerjee who, ate of Technical Education, en from pre, ess New Horizon Institute, essionals in the contemporary, iven Engineering degree programs","admin@nhitm.ac.in, admission@nhitm.ac.in, alumni@nhitm.ac.in, examination@nhitm.ac.in, placement@nhitm.ac.in, studentsection@nhitm.ac.in",https://www.newhorizonindia.edu
REVA University,"Dr Sunil Shukla, Ganesh Sridhar Hedge, Jayadev Pattar, Next Wealth Entrepreneurs, Prakash Babu, Shinu Abhi, for both the PUCs, the IP Cell","admissions@reva.edu.in, arshiya.ambreen@reva.edu.in, ashith.vk@reva.edu.in, burri.ankaiah@reva.edu.in, coe@reva.edu.in, ganesh.hegde@reva.edu.in, info@reva.edu.in, jayadevpattar@reva.edu.in, madeshkumar@reva.edu.in, malathi.r@reva.edu.in, munirathnam.k@reva.edu.in, neelakanta.hs@reva.edu.in, placement@reva.edu.in, prakashbabu.d@reva.edu.in, ranjith.k@reva.edu.in, registrar@reva.edu.in, sunitha.dv@reva.edu.in, sushan.bairyk@reva.edu.in, vc@reva.edu.in",https://www.reva.edu.in
Alliance University,"Premanand Shetty Chancellor Alliance, Premanand Shetty Phone, Premanand Shetty comes with, Shetty has worked in, Shetty is","admissions@alliance.edu.in, alumni@alliance.edu.in, chancellor@alliance.edu.in, edu.verify@alliance.edu.in, enquiry@alliance.edu.in, gopalakrishnan.tm@alliance.edu.in, hrd@alliance.edu.in, international@alliance.edu.in, placement@alliance.edu.in, prochancellor@alliance.edu.in, raji.thomas@alliance.edu.in, registrar@alliance.edu.in, surekha.shetty@alliance.edu.in, vc@alliance.edu.in",https://www.alliance.edu.in
Govt. Science College Hassan,"ATE OF DISTANCE EDUCATION, Alka PRINCIPAL, Anil Kumar PRINCIPAL, INSTITUTE OF PSYCHOLOGICAL RESEARCH, MONNAWAR JAHAN, Nagendra Prasad Verma, RAJKISHORE PRASAD, Rakhi Kumari, SISTER MARIA RASHMI, Suheli Mehta, VANIJYA MAHAVIDYALAYA, Yogendra Kumar Verma, ess relevant local and, on IT Sloution All","director-dde@patnauniversity.ac.in, director-iprs@patnauniversity.ac.in, principalbnc@patnauniversity.ac.in, principalcac@patnauniversity.ac.in, principalmmc@patnauniversity.ac.in, principalpc@patnauniversity.ac.in, principalplc@patnauniversity.ac.in, principalpsc@patnauniversity.ac.in, principalptc@patnauniversity.ac.in, principalpwc@patnauniversity.ac.in, principalvm@patnauniversity.ac.in, principalwtc@patnauniversity.ac.in",nan
Visvesvaraya Technological Univ,"Investigator of the DST, Karisiddappa Vice Chancellor, ess Year of Est","dean@sjbsap.edu.in, fo@vtu.ac.in, principal@sit.ac.in, re@vtu.ac.in, registrar@vtu.ac.in, vc@vtu.ac.in",https://www.vtu.ac.in
KLE Technological University,"APJ Abdul Kalam to, Ashok Shettar Pro Chancellor, Ashok Shettar Vice, Ashok Shettar is regarded, Kolhapur Institute of Technology, Prabhakar Kore, Prakash Tewari Email, Prakashgoud Patil, Sanjay Ghodawat Institute Jan, Sanjay Ghodawat Institute May, Shivanand PP, Syed Shakeeb Ur Rahman, Tewari earned his Ph, Veeresh Angadi, Venkatesh Raikar is the, essal Form Leave management, essor and Head","prochancellor@kletech.ac.in, vc@kletech.ac.in",https://www.kletech.ac.in
SDM College of Engineering,"Anand Vaidya, Anand Vaidya is an, Keshava Joshi, Niranjan Kumar, Sunil Joshi, Sunil Joshi is an, ess for Communication with, of this esteemed institution",principal@sdmcet.ac.in,https://www.sdmcet.ac.in
BVB College of Engineering,"Anami received the State, Anil DesaiCECE, Ashok Shettar, Ashok Shettar Vice, Maya Nayak, Payal Mago, Rajeev Singh, Ramkisan Pawar, Samidurai Kandasami, Sanjay Agal, Shettar earned his Doctorate, Shettar has an extensive, Shettar served as the, Shettar was the first, Tewari earned his Ph, Vilin Parekh, Yesu Babu Adimulam, email proposal to mahabalesh, ess Vidyanagar Hubli, ess principal, ess www, essional Summary CA, essional growth, essional with, he said to speak, need to send info, need to send information, send proposal tcegadag","bvrit@bvrit.ac.in, director@bbdit.edu.in, pooja_k@kletech.ac.in, principal@oec.ac.in, vc@kletech.ac.in, webmaster@pilani.bits-pilani.ac.in",https://www.bvbcet.ac.in
JSS College of Arts,"AvinashTambarsi Professoer, Chethan Kumar, ESS JSS Banashankari Arts, ESS Principal JSS Shri, Shobha Asst, Special Invitees Sri, anath Professor of Linguistics, ess and Phone Number, essionals into academic institutions, essor DOS in Folklore, essor of English, essor of English JSS, essor of Practice, essor of practice, iven environment and culture",,https://www.jsscollegemysore.ac.in
Maharaja College Mysore,"Karnataka State Audit and, essor Dept, essor Dr, essor Remarks as Associate, of Maharaja",info@mahajana.edu.in,https://www.maharajacollegemysore.ac.in
Yuvaraja College Mysore,"Bhat Satish Shankar Statistics, Devaraju Chemistry, Rubi Selstina, ashekar Chemistry, essal Portal Prevention of, iles Placements Hostel Facilities","ajaykumar@ycm.uni-mysore.ac.in, principal@ycm.uni-mysore.ac.in",nan
Mangalore University College,"Duggappa Kajekar, Ganapathi Gowda, Ganesh Sanjeev, Gerald Santhosh, Giridhar Rao, Microtron Centre, Monika Sadananda, Prashantha Naik, Sheshappa Amin, Shridhar Gowda, Soukath Azim, Vasudeva Kamath, Virendra Kumar, of Computer Centre, of Internal Quality Assurance, of International Students Centre, of Physical Education, of Planning, of Prasaranga, of Students Welfare",principal_niths@nitte.edu.in,https://www.mangaloreuniversity.ac.in
St. Aloysius College Mangalore,"Sandhya Panicker Dr, Swathi Bhat, Zeena DSouza, ess is, essional Development, ile of your interests, iving Innovation in Digital","joyandsouza@staloysius.edu.in, lmssupport@staloysius.edu.in, nandini_commerce@staloysius.edu.in, principal@sadc.edu.in, principal@staloysius.edu.in, ravi_shetty@staloysius.edu.in, ruban@staloysius.ac.in, zeena_flavia@staloysius.edu.in",https://www.staloysius.edu.in
Canara College,"Planning Body of the, SRM INSTITUTE OF SCIENCE, Subhashini Srivatsa, essional Science and Management, essional with Coaching for, oli pickup points students","info@canara.ac.in, karthik@jnnce.ac.in",https://www.canaracollege.ac.in
Govt. First Grade College Tumkur,"MR Doreswamy, Manuel Tauro, Nirmal Kumar Sancheti, Sree Sree Shivakumara Swamigalu, ess for communication, essionals who challenge the",bentoor@kishkindauniversity.edu.in,nan
Siddaganga Institute of Technology,"Kavya Ramesh Principal Phone, Mahabaleshwar Associate Professor BEC, Puneeth Kumar, Siddaganga Institute of Technology, Somashekar Bhat Professor Dept, Sree Sree Sivakumara Swamiji, ashekar Assistant Professor Dept, essor Dept of ETE, essor UVCE Bangalore, ika Associate Professor Dept","_bc@sit.ac.in, hmchandrashekar@sit.ac.in, kcnmurthy@sit.ac.in, principal@sit.ac.in, punithkumar@sit.ac.in, tnchandrika@sit.ac.in, vishwanath@sit.ac.in",https://www.sit.ac.in
NMKRV College for Women,"Femila Pangat Assistant Professor, Parinitha Mahishi Assistant Professor, Prashanth Joshi Assistant Professor, Rafic Taj, Shankaravva Babanagare, Sharangouda Patil Assistant Professor, Suma Sanjeev, ashekar Raju Mr, essor Botany, essor Chemistry, essor Economics, essor Education, essor English, essor Hindi, essor History, essor Kannada, essor Mathematics, essor Physics, essor Political Science, essor Sanskrit, essor Sociology, essor Zoology","admissions.nmkrvpu@rvei.edu.in, info.nmkrvpu@rvei.edu.in, principal.nmkrv@rvei.edu.in",https://www.nmkrv.ac.in
Seshadripuram College,"Manmohan Singh Bengaluru City, ipuram Research Foundation","department.mca@spmcollege.ac.in, info@pg.spmcollege.ac.in, info@sdcmysore.ac.in, info@sfgc.ac.in, info@spmcollege.ac.in",https://www.seshadripuram.edu.in
CMR Institute of Technology,"AI Services, CMR Institute of Technology, CMRIT CONVENER Prof, CMRIT Dr, Nitya Mrs, Ponraj Sankar, ess for Communication","admission@cmrit.ac.in, admissions.ims@cmr.ac.in, admissions@cmr.edu.in, info@cmr.ac.in, info@cmr.edu.in, principal.ls@cmr.ac.in",https://www.cmrit.ac.in
Global Academy of Technology,"ANANDATHIRTHA GUDI BINDUMADHAVA GUDI, ANIL PRABHAKAR NARAPPANAVAR, Bharat Vinjamuri Head of, Bharat is an esteemed, GANGA HOLI, GAT It is my, HEAT POWER ENGINEERING, Latha Rajagopalan Professor, Latha Rajagopalan View Post, RANA PRATAP REDDY, Rana Pratap Reddy, Shaik Ajmal Hussain Mob, The Insititute Is Principal, Yogesh Singh as the, ess Name of the, ess Of The Institute","admissions@gat.ac.in, info@gat.ac.in, principal@mgit.ac.in, secretary@mist.ac.in",https://www.gat.ac.in
Nitte University College,"Durga Prasad, Nagesh Prabhu, Narasimha Bailkeri, Nitte Shankara Adyanthaya Memorial, ORP and Advanced and, Praveenkumar Shetty, Rekha Bhandarkar, Shetty has made, Shrinivasa Rao, Srinath Shetty, Srinivasa Pai, Subrahmanya Bhat, Venkatesh Kamath, ess Nitte, essional Education, essor in","_deanacademics.nmamit@nitte.edu.in, _nitte@nitte.edu.in, _nmamit@nitte.edu.in, aartis@nitte.edu.in, academic.section@nmit.ac.in, ad@nitte.edu.in, admissions.nmit@nitte.edu.in, ashwinib@nitte.edu.in, coe.nitte@nitte.edu.in, coe.nmamit@nitte.edu.in, coe@nitte.edu.in, coe@nmit.ac.in, counsellor@nmit.ac.in, dean-academics@nmit.ac.in, dean-student-welfare@nmit.ac.in, dean.ir@nmit.ac.in, dean.rd@nmit.ac.in, director.ac@nitte.edu.in, director.iic@nitte.edu.in, dreg@nitte.edu.in, drmuralidhara@nitte.edu.in, drvasanth@nitte.edu.in, durgaprasad@nitte.edu.in, firstyear.director@nmit.ac.in, head-accounts@nmit.ac.in, head.sec.trans.hk@nmit.ac.in, hemanth@nitte.edu.in, hod-library@nmit.ac.in, hr@nitte.edu.in, hr@nmit.ac.in, info@nitte.edu.in, joymartis@nitte.edu.in, krishnaraja@nitte.edu.in, manager.boys.hostel@nmit.ac.in, nkbailkeri@nitte.edu.in, placement@nmit.ac.in, principal@nmit.ac.in, prochancellor@nitte.edu.in, purchase@nitte.edu.in, ramakrishnab@nitte.edu.in, rameshyara.gatti@nitte.edu.in, reg@nitte.edu.in, sa.nu@nitte.edu.in, safety@nitte.edu.in, shettysrinath@nitte.edu.in, srinivasapai@nitte.edu.in, suryanarayana@nitte.edu.in, transport@nitte.edu.in, transport@nmit.ac.in, venkatesh@nitte.edu.in, venugopalaps@nitte.edu.in, viceprincipal.nmamit@nitte.edu.in, vijeeshv@nitte.edu.in, vinuthajayaram@nitte.edu.in, vp.bangalore@nitte.edu.in",https://www.nitte.edu.in
East West College of Engineering,"Corporate Relations, Geetha Nagaraju Associate professor, eam projects of our, ess No, essional with, the Training and Placement","admissions@ewit.edu.in, principal@ewit.edu.in",https://www.ewit.edu
Christ Academy Institute,"Christ Academy Institute of, Davis Panadan Principal, Davis Panadan View Post, at Christ Academy Institute, iven social system that, with his vision and",principal@christcollege.ac.in,https://www.christacademy.ac.in
Miranda House,"Abha Habib Dev, Assistance to Principal Shelly, Bijayalaxmi Nanda Principal Prof, Chanda Sagar, Hena Singh, Human Resources, Rekha Kumari, ess of employees working","abhadev.habib@mirandahouse.ac.in, alka.budhiraja@mirandahouse.ac.in, amit.kumar@mirandahouse.ac.in, balkrishan@mirandahouse.ac.in, bilasini.devi@mirandahouse.ac.in, chanda.sagar@mirandahouse.ac.in, devender.kaushik@mirandahouse.ac.in, divakar.pathak@mirandahouse.ac.in, hena.singh@mirandahouse.ac.in, ira.singh@mirandahouse.ac.in, jagdish.prasad@mirandahouse.ac.in, jitender@mirandahouse.ac.in, jyoti.pandey@mirandahouse.ac.in, jyoti.prakash@mirandahouse.ac.in, kaminikumari.das@mirandahouse.ac.in, kanhaiyakumar.yadav@mirandahouse.ac.in, kendar.rana@mirandahouse.ac.in, madhu@mirandahouse.ac.in, mahesh.chand@mirandahouse.ac.in, manjari.srivastava@mirandahouse.ac.in, mohini@mirandahouse.ac.in, monika.tomar@mirandahouse.ac.in, neelam.thukral@mirandahouse.ac.in, neeru.handa@mirandahouse.ac.in, nirmala.saini@mirandahouse.ac.in, nisha.rani@mirandahouse.ac.in, paras.sharda@mirandahouse.ac.in, pawan.kumar@mirandahouse.ac.in, principal@mirandahouse.ac.in, radhika.chadha@mirandahouse.ac.in, rajesh.kumar@mirandahouse.ac.in, rashi.raman@mirandahouse.ac.in, rekha.kumari@mirandahouse.ac.in, rinki@mirandahouse.ac.in, rohit.rai@mirandahouse.ac.in, sandeep.anand@mirandahouse.ac.in, sanju@mirandahouse.ac.in, shelly.jeena@mirandahouse.ac.in, sneh.jha@mirandahouse.ac.in, snigdha.singh@mirandahouse.ac.in, sonam.singh@mirandahouse.ac.in, soumya.dhal@mirandahouse.ac.in, sudeep.kumar@mirandahouse.ac.in, sudhir.aggarwal@mirandahouse.ac.in, sumana.devi@mirandahouse.ac.in, sunila.sharma@mirandahouse.ac.in, sushmita.banerjee@mirandahouse.ac.in, vandana.verma@mirandahouse.ac.in, vijay.kumar@mirandahouse.ac.in, vineeta@mirandahouse.ac.in, zarina.banoo@mirandahouse.ac.in",https://www.mirandahouse.ac.in
St. Stephen's College,"John Varghese, Renish Geevarghese Abraham, Sincy Joseph Phone, Very Rev, essor John Varghese, of St",fsradmissions@du.ac.in,https://www.ststephens.edu
Lady Shri Ram College for Women,,"ao@lsr.edu.in, lsrc@lsr.edu.in, principal@lsr.du.ac.in",https://www.lsr.edu.in
Kirori Mal College,"APJ Abdul Kalam National, Akhilesh Bharti Mobile No, Beena Jain beenajain, Bhawna Pandey, Bhawna Pandey Principal Read, DIPAK MAITI Dr, Dinesh Khattar, Dinesh Khattar Principal, Dipak Maiti dipakmaiti, Gauri Garg, Gauri Garg Dhingra gaurigargdhingra, Haretee Lal Meena, Karuna Shree shreekarunag, Kiran Arora ticchemistry, Krishna Kamal Halder, MANJU SARKAR Dr, Mamta Sareen mamtasareen, Pradyumna Kumar Sethy Time, Pratibha Kumar pratibhakumar, Rakesh Kumar Pandey Standing, Rakesh Kumar Pandey rkpandey, Ram Babu, Ram Bihari Gold Medal, Ram Sunil Kumar, Renu Kathpalia renukathpalia, Roopinder Oberoi roopinderoberoi, Sagarika Datta sagarika, Sanjay Verma sanmani, Shipra Choudhuri, Shrawan Kumar shrawan, Siddharth Lahon Sports Council, Siddhartha Lahon Mobile No, Subhash Kumar Singh subhash, Sumit Kumar Sharma Mobile, Sunil Kumar Dhiman, Sunil Kumar Singh Mobile, TARUN RAJPAL, TARUN RAJPAL RESEARCHER, Vandana Sarin Walia Work, after principal has helped, essal Facility, ile of Prof","akhileshbhu86@kmc.du.ac.in, chem.sunil@kmc.du.ac.in, kkhalder@kmc.du.ac.in, psethy@kmc.du.ac.in, rawalishpal@kmc.du.ac.in, rbabu@kmc.du.ac.in, rkpandey@kmc.du.ac.in, s.lahon@kmc.du.ac.in, sksharma@kmc.du.ac.in",https://www.kmc.ac.in
Hindu College,"Anuradha Sharma Associate professor, Reena Jain, Vijay Laxmi Khattar Associate, ess Tel, ess list of the, essor Botany, essor Botany Gulabi Bagh, suman kumra Associate professor",,https://www.hinducollege.ac.in
Hansraj College,"Anand Sonkar Associate Professor, Apoorva Gupta Assistant Professor, Archana Singh Associate Professor, Avnish Kumar, Bal Krishan, Baljeet Kaur, Beauty Das Associate Professor, Dinesh Kr, Divya Pandey, Farhat Jahan Assistant Professor, Ishwar singh Associate Professor, Kaveri Chakrabarty Associate Professor, Lokesh Chandra Mishra, Lokesh Chandra Mishra Associate, Manisha Verma Associate Professor, Manjit Singh Saggi, Manjit Singh Saggi Associate, Maya Verma, Meghna Malhotra Associate Professor, Monika Koul Professor Botany, Pooja Arora Assistant, Poonam Rani Assistant Professor, Preeti Dharmarha, Preetinder Kaur Associate Professor, Rajesh Kumar Sharma, Ram Chand Garg, Reetika Jain Associate Professor, Romila Rawat Bisht, Romila Rawat Bisht Associate, Santoshi Bhawani Mishra, Satyakam Guha, Sonal Sharma Associate Professor, Sudhida Gautam Assistant Professor, Surendra Kumar, Vandana Km, Vijay Rani Rajpal, Vijay Rani Rajpal Professor, Yogender Dayma, essing grievances related to, essor Aug, essor Botany, essor Commerce, essor Zoology, essor Zoology galjkt egkfo, ile Teaching Experience","baljeetkaur@hrc.du.ac.in, editor.jef@hrc.du.ac.in, grievance@hrc.du.ac.in, surendra@hrc.du.ac.in, viceprincipal@hrc.du.ac.in, wardquota@hrc.du.ac.in",https://www.hansrajcollege.ac.in
Ramjas College,,principal@ramjas.du.ac.in,https://www.ramjascollege.edu.in
Indraprastha College for Women,"Alok Kumar Pandey Sports, Anita Elizabeth Cherian anita, Archana Singhal, Babli Moitra Saraf, Mita Bose Dr, Mita Bose Room No, Mita Bose mitabose, Nitoo Das Dr, Nitoo Das Women, Poonam Kumria, Pragati Mohapatra, Rekha Sethi Ms, Rekha Upreti Dr, Vinita Sinha, amatics Society, and Appellate Authority, aprastha Girls Hostel, aprastha Institute of Information, ate of Students, ate of Students Welfare, iyal HOSTEL ADMINISTRATION WARDENS, vermamahe sh","dsw@ipu.ac.in, ili@ili.ac.in, vc@gehu.ac.in, vc@igu.ac.in, vc@ipu.ac.in",https://ipcollege.ac.in
Gargi College,"Amit Sehgal, Animesh Mohapatra, Anita Bhatt, Anjali Bansal, Anju Gupta, Aparajita Mohanty, Jyoti Trehan Sharma, Kamlesh Malhotra Associate Professor, Nalin Kumar, Neera Pant Professor neera, Pavitra Bhardwaj, Poonam Phogat Associate Professor, Poonam Sharma, Preeti Pant Professor preeti, Puja Gupta, Renu Arora, Roshni Rajamohan Mathur, Sangeeta Bhatia Professor of, Sanjay Tandon, Seema Gupta, Shweta Chaudhary Assistant Professor, Shyamolima Ghosh Choudhury Assistant, Uma Shanker Singh, Vandana Tarneja Associate Professor, Veena Sharma, Veena Tucker Associate Professor, essor sabeen, essor shyamolima, essor soni, essor vibhuti, review the applications received","b.vaijayanthi@gargi.du.ac.in, drcobe2021@dr.du.ac.in, exam@jdm.du.ac.in, examination@cvs.du.ac.in, examination@ip.du.ac.in, faculty.grievance@gargi.du.ac.in, gargiscreening.his@gargi.du.ac.in, neera.pant@gargi.du.ac.in, nodalofficer_obe_2020@igipess.du.ac.in, nodalofficerexams@db.du.ac.in, obe.dec2020@hrc.du.ac.in, obe.december2020@ihe.du.ac.in, obe@dcac.du.ac.in, obe@ddu.du.ac.in, obe@jmc.ac.in, obemarch21@bramb.du.ac.in, poonam.phogat@gargi.du.ac.in, poonam.sharma@gargi.du.ac.in, preeti.pant@gargi.du.ac.in, principal.hindu@du.ac.in, principal2@hinducollege.ac.in, principal@satyawatie.du.ac.in, principaloffice@srcc.du.ac.in, sabeen.h.rizvi@gargi.du.ac.in, sangeeta.bhatia@gargi.du.ac.in, shweta.chaudhary@gargi.du.ac.in, shyamolima.ghosh.choudhury@gargi.du.ac.in, soni.jaiswal@gargi.du.ac.in, student.welfare@gargi.du.ac.in, umashanker.history@dsc.du.ac.in, veena.sharma@gargi.du.ac.in, vibhuti.mehta@gargi.du.ac.in",https://gargicollege.in
Jesus and Mary College,"Alka Sehgal, Anju Lutra, Ann Susan Aleyas, Daisy Sales, Disha Narula, Gurmeet Bakshi, Maple Bear, Navedita Ghosh, RFID in Library, Rashmi Thukral, Richa Raj, Sandra Joseph, Sanjyot Apte Vice Principal, Shruti Tohan, Shweta Paradkar, Shyma Jose, Sona Andrew, Sugandha Sehgal, at Miran Productions, of Art Alive Gallery, with Indusion Consulting Services","220415@jmc.du.ac.in, 230395@jmc.du.ac.in, _jacob@jmc.du.ac.in, _jose@jmc.du.ac.in, aaleyas@jmc.du.ac.in, admissions@jmc.ac.in, convenor.studentcouncil@jmc.ac.in, csarin@jmc.du.ac.in, gbakshi@jmc.du.ac.in, jmcreview@jmc.du.ac.in, rraphael@jmc.du.ac.in",https://jesusandmarycollege.ac.in
Dyal Singh College,"Alka Gupta, Amit Kant Awasathi, Amit Kant Awasthi pio, Amita Malik, Arvind Kumar, Bhawna Pandey, Bhawna Pandey Principal Read, Brij Bihari Singh, Daljeet Singh, Dinesh Panwar, Manoj Kumar, Navina Mehan, Navneet Manav, Navneet Manav navneetmanav, Neeraja Sood Prof, Nikhil Jain, Ram Baksh, Rattandeep Kaur rattandeepkaur, Ravinder Singh, Shalini Aggarwal, Shalini Aggarwal Shalini, Uma Shanker Singh, Varun Naik Dr, Vinod Kumar, aprastha to Central Vista, essal Facility, essal of","alkagupta@dsc.du.ac.in, amitkawasthi.evs@dsc.du.ac.in, arvindksoni@dsc.du.ac.in, deepak2@dsc.du.ac.in, dsciqac16@dsc.du.ac.in, dsckarnal@ac.in, navneetmanav@dsc.du.ac.in, pio@dsc.du.ac.in, principal@dsc.du.ac.in, rameshks.ao@dsc.du.ac.in, rattandeepkaur.punjabi@dsc.du.ac.in, sanjayksharma@dsc.du.ac.in, shalini.aggarwal@dsc.du.ac.in, virendersingh@dsc.du.ac.in",https://www.dsc.du.ac.in
Daulat Ram College,"Darshan Convener, Darshan Dr, Gira Singh girasingh, Gurmeet Kaur, Jyoti Sharma jyotisharma, Jyotsna Singh, Kavita Sharma, Manisha Jaiswal, Manisha Meena, Manoj Trivedi, Meetu Khosla, Nitesh Rai, Onkar Mangla onkarmangla, POOJA JAIN BURSAR DAULAT, Padamshree Mudgal, Padmshree Mudgal, Preeti Malhotra, Rajesh Prasad, Rajni Sahni, Rekha Kathal, SARITA NANDA VICE PRINCIPAL, SAVITA ROY PRINCIPAL DAULAT, Sanjeeta sanjeeta, Sarita Nanda, Savita Roy, Savita Roy Principal, Shyama Rath, Shyamalima Borgohain, Sunita Gupta Co, Suranjita Ray, Surjit Kumar, Vandana Tripathi vandanatripathi, Vidhi Chaudhary, ess Lorem ipsum dolor, ess to all students, essal Cell will keep, essional skills to the","darshan@dr.du.ac.in, girasingh@dr.du.ac.in, grievanceredressal@dr.du.ac.in, jyotisharma1@dr.du.ac.in, jyotsnasingh@dr.du.ac.in, manishameena@dr.du.ac.in, manojtrivedi@dr.du.ac.in, nitesh@dr.du.ac.in, onkarmangla@dr.du.ac.in, rajesh@dr.du.ac.in, rrajeshwari@dr.du.ac.in, sanjeeta@dr.du.ac.in, shyamalima@dr.du.ac.in, surjit@dr.du.ac.in, vandanatripathi@dr.du.ac.in",https://www.dr.du.ac.in
Sri Venkateswara College,"Vajala Ravi, ess Pennalur Village, ess Sri Venkateswara Educational, essor and Head, iles of the students, ive and tap into","acm@svce.ac.in, admissionenquiry@svce.ac.in, alisa@svc.ac.in, anshul@svc.ac.in, deansw@svce.ac.in, dharmendra@svc.ac.in, globalconnect@svce.ac.in, jpm@svc.ac.in, kashish@svc.ac.in, manoj@svc.ac.in, mlnmurty@svc.ac.in, mohit@svc.ac.in, narendra@svc.ac.in, nide323@svc.ac.in, numadevi@svc.ac.in, pbhati@svc.ac.in, pjha@svc.ac.in, placement@svc.ac.in, principal@svc.ac.in, principal@svce.ac.in, psharda@svc.ac.in, rgoel@svc.ac.in, romatiwari@svc.ac.in, sanjeev@svc.ac.in, soadmin@svc.ac.in, sudesh@svc.ac.in, vikasmotla@svc.ac.in",https://www.svc.ac.in
Atma Ram Sanatan Dharma College,"Abid Hussain, Aneet Wadhwa, Anil Kumar, Appellate Authority, Arvind Kumar Mishra, Baljeet Kaur, Gyantosh Kumar Jha, Jyothsnaphanija Bolla, Neena Paul, Nimalini Moirangthem, Om Prakash Yadav, Preeti Chaudhary, Prerana Sinha, Priyanka Kulhari, Rajiv Chopra Principal DCAC, Ram Ratan Prasad, Ram Swaroop Maharia, Rashmi Bahl, Renu Bahuguna, Rosy Sinha, Rubi Devi, SK Chugh, Sahil Khanna, Santosh Kumar, Shikha Gupta Jain, Siva Chander, Sunil Ashra Associate Professor, Surendra Singh, Vikas Kumar, Vinita Tuli, ess Atma Ram Sanatan","admin@aryabhattacollege.ac.in, principal@andc.du.ac.in, principal@arsd.du.ac.in, principal@aurobindo.du.ac.in, principal@db.du.ac.in, principal@ihe.du.ac.in, principal@jdm.du.ac.in, principal@mirandahouse.ac.in, principal@rajdhani.du.ac.in, principal@satyawati.du.ac.in, rkbhagat@arsd.du.ac.in, soadmin@arsd.du.ac.in",https://www.arsd.ac.in
Motilal Nehru College,"Amarjeet Environment Science amarjeetrathee, Amit Nandan amitnandan, Brahma Dutt, Deepti Singh Commerce deeptisingh, Hema Dahiya, Kavita Kakkar, Khole Timothy Poumai, Manish Kumar manishkumar, Monika Gulati monikagulati, Monika Gupta, Munish Tamang, Parvir Kumar, Sandeep Kumar Garg, Sandeep Kumar sandeepchem, Sanjay Kumar Sharma, Shobhita Singhal shobhita, Surender Rohilla English surender, Vandana Saxena, Vinamrata Akash vinamrata, Yogeshwar Sharma, Yogeshwar Sharma Phone, essor Dhananjay Kumar Dubey, essor Krishan Kumar, essor Rekha Kashyap Chemistry, essor Swati Agrawal, essor Yogeshwar Sharma, essor Yogeshwar Sharma Phone","amarjeetrathee@mln.du.ac.in, amitnandan@mln.du.ac.in, brahmadutta@mln.du.ac.in, deepika12@mln.du.ac.in, deeptisingh@mln.du.ac.in, divyagupta@mln.du.ac.in, feedback@mln.du.ac.in, krishankumar@mln.du.ac.in, manishkumar@mln.du.ac.in, monikagulati@mln.du.ac.in, monikagupta@mln.du.ac.in, nidhiaggarwal@mln.du.ac.in, nita@mln.du.ac.in, priyasingh@mln.du.ac.in, rekhakshyap@mln.du.ac.in, sakshisingh@mln.du.ac.in, sandeepchem@mln.du.ac.in, shobhita@mln.du.ac.in, sumitsingh@mln.du.ac.in, surender@mln.du.ac.in, swatiagrawal@mln.du.ac.in, vinamrata@mln.du.ac.in",https://www.mlncollege.ac.in
Shyam Lal College,"Arvind Panagariya, Ashu Gupta, Kusha Tiwari, Rabi Narayan Kar, Ruchika Ramakrishnan","akjain@shyamlal.du.ac.in, jchauhan@shyamlal.du.ac.in, ktiwari@shyamlal.du.ac.in, mk121@shyamlal.du.ac.in, principal@shyamlal.du.ac.in, slcm@shyamlal.du.ac.in, tshankar@shyamlal.du.ac.in",https://www.shyamlal.du.ac.in
Janki Devi Memorial College,"Debahuti Brahmchari, Nivedita Sharma, SWATI PAL Brief Bio, Sudnya Kulkarni Members of, Swati Pal Principal, Swati Pal Principal Swati, at Janki Devi Memorial, ess Sir Ganga Ram, ess for, ess for Correspondence Principal, essor and Principal, essor and Principal Category","jdmncweb@jdm.du.ac.in, principal@jdm.du.ac.in",https://www.jdmcollege.ac.in
Maitreyi College,"Adesh Rani Botany Associate, Anamika Singh Botany Assistant, Atika Chandra Botany Associate, Geetan Manchanda, Gita Batra Narula, Haritma Chopra, Jyoti Singh, Padma Saxena Chemistry Associate, Pardeep Rai, Pardeep Rai Librarian, Pinkey Bajaj Gandhi Chemistry, Pooja Baweja Botany Associate, Poonam Juneja, Prachi Bagla, Pramod Kumar Singh, Rama Sisodia Botany Associate, Sandeepa Singh Botany Assistant, Sandhya Gupta, Sandhya Gupta Chemistry Associate, Shikha Badhani, Sushil Kumari, Veena Ghuriani, essal Residences Skill Centre, essional Assistant, essional Assistant Email",,https://www.maitreyi.ac.in
Maharaja Agrasen College,"Abha Sharma, Alok Puranik, Gitanjali Chawla, Neelem Garg, Raj Hans Kumar, Sanjeev Kumar Tiwari, ess is being protected, essionals and Philanthropists with, ile of Staff, ug de","admission@mau.ac.in, director@mamc.edu.in, info@mau.ac.in, principal@mac.du.ac.in",https://www.mac.du.ac.in
Acharya Narendra Dev College,"Abhishek Sharma, Amit Garg, Amit Garg amitgarg, Amit Sehgal, Aneet Wadhwa, Anita Narang anitanarang, Anjali Bansal, Anju Agrawal anjuagrawal, Anupama Rastogi anupama, Anupama Shukla anupamashukla, Archana Panday archanapandey, Arijit Chowdhuri arijitchowdhuri, Chaman Singh chamansingh, Chandra Kanta Samal chandrakantsamal, Charu Khosla Gupta charukhoslagupta, Gagan Dhawan, Jyoti Trehan Sharma, Mamta Sahrawat, Nalin Kumar, Neelgagan Singh neelgagansingh, Neera Mehra, Pavitra Bhardwaj, Radha Mohan, Ravi Toteja, Renu Arora, SK Chugh, Sarita Agarwal saritaagarwal, Satendra Singh satendrasingh, Savithri Singh, Seema Rani, Shrankhla shrankhla, Sujata Jha, Sunita Hooda sunitahooda, Sunita Jetly sunitajetly, Sunita Narang sunitanarang, Surinder Kaur surinderkaur, Surinder kaur, Udaibir Singh udaibirsingh, Urmi Bajpai urmibajpai, Vandana Sharma, Vatsla kohli vatslakohli, Vibha Gaur vibhagaur, Vikas Kumar, Vikrant Kumar vikrantkumar, Vinayneet Kaur, Vishal Dhingra vishaldhingra, Yasheshwar yasheshwar, Yojna Kalia, ess Telephone Email Address, the Institution","abhaypratapsingh@andc.du.ac.in, admin@aryabhattacollege.ac.in, amitgarg@andc.du.ac.in, anitanarang@andc.du.ac.in, anjuagrawal@andc.du.ac.in, anupama@andc.du.ac.in, anupamashukla@andc.du.ac.in, anuradhasarin@andc.du.ac.in, ao@andc.du.ac.in, archanapandey@andc.du.ac.in, arijitchowdhuri@andc.du.ac.in, bhumikachauhan@andc.du.ac.in, bursar@andc.du.ac.in, chamansingh@andc.du.ac.in, chandrakantsamal@andc.du.ac.in, charukhoslagupta@andc.du.ac.in, exam@jdm.du.ac.in, examination@ip.du.ac.in, gagandhawan@andc.du.ac.in, mbhushan@knc.du.ac.in, neelgagansingh@andc.du.ac.in, neeramehra@ss.du.ac.in, nodalofficer_obe_2020@igipess.du.ac.in, nodalofficerobe@svc.ac.in, obe.dec2020@hrc.du.ac.in, obe.december2020@ihe.du.ac.in, obe@aryabhattacollege.ac.in, obe@jmc.ac.in, obedec20@sgndkc.du.ac.in, obeexam@arsd.du.ac.in, obtexaminations2020@bharati.du.ac.in, principal.hindu@du.ac.in, principal2@hinducollege.ac.in, principal@andc.du.ac.in, principal@aurobindo.du.ac.in, principal@bcas.du.ac.in, principal@db.du.ac.in, principal@ihe.du.ac.in, principal@jdm.du.ac.in, principal@mirandahouse.ac.in, principal@rajdhani.du.ac.in, principal@svc.ac.in, saritaagarwal@andc.du.ac.in, satendrasingh@andc.du.ac.in, seemarani@aditi.du.ac.in, shrankhla@andc.du.ac.in, soaccounts@andc.du.ac.in, spaprincipal@andc.du.ac.in, subhashkumar@andc.du.ac.in, sunitahooda@andc.du.ac.in, sunitajetly@andc.du.ac.in, sunitanarang@andc.du.ac.in, surinderkaur@andc.du.ac.in, udaibirsingh@andc.du.ac.in, ugexam@sggscc.ac.in, urmibajpai@andc.du.ac.in, vatslakohli@andc.du.ac.in, vibhagaur@andc.du.ac.in, viceprincipal@andc.du.ac.in, vikrantkumar@andc.du.ac.in, vineetgirdharwal@andc.du.ac.in, vishaldhingra@andc.du.ac.in, vivac2008@vivekanand.du.ac.in, vncobe2021@vivekanand.du.ac.in, wafa@zh.du.ac.in, yasheshwar@andc.du.ac.in",https://www.andc.ac.in
Shaheed Bhagat Singh College,"Anil Sardana, Anil Sardana Principal, Arun Kumar Attree, Arun Kumar Attree Principal, Arun Kumar Attree is, Ayushman Email, Charu Chopra, Gourav Nain, Pragya Nayyar, Ranjana Thakur, Sarvchetan Katoch, Sugandha Saxena, Suneel Kumar Kashyap Nodal, Telephone Number, Varinder Kumar Convener, eam of becoming, essors and the vibrant",,https://www.sbsc.ac.in
Keshav Mahavidyalaya,"Ajay Bapusaheb, Anil Sain, Anjali Thukral, Anjalika Solanki, Anju Arora Dr, Ashish Bansal, Ashutosh Singh, Deepak Srivastava, Dhanpal Singh, Keshav Mahavidyalaya, Kiran Yadav Prof, Madhu Pruthi, Madhu Pruthi View Post, Manjari Singh, Mona Ranga Ms, Mukesk Kr, Pardeep Kumar, Pardeep Kumar Dr, Prama Vishnoi Ms, Preeti Wanti, Rakesh Kumar, Richa Sharma Dr, Richie Aggarwal Ms, Sandeep Vodwal, Santosh Kr, Tariq Azizy, Vandana Arora, essor and in the, essor with, essors Srivastava, in the Academic Pay, the incumbent shall join","admission.helpdesk@keshav.du.ac.in, admissions@keshav.du.ac.in, grievance.admissions@keshav.du.ac.in, library@keshav.du.ac.in, principal@keshav.du.ac.in, rec.principal@keshav.du.ac.in, viceprincipal@keshav.du.ac.in",https://www.keshav.du.ac.in
Sri Aurobindo College,"Ajit Kumar, Ananya Ghosh Dastidar, Anil Kumar Mavi, Anil Kumar Mavi Assistant, Arun Chaudhary, Arun Chaudhary Principal, Batti Lal Bairwa, Kapil Garg Designation, Meenakshi Gupta, Meenakshi Gupta Associate Professor, Meenakshi Thakur, Mini Gill Teachers, Neetu Diwedi, Poornima Mittal, Poornima Mittal Electronics and, Pramod Kumar Dwivedi, Preeti Rajpal Singh, Priyanka Meena Designation, Rashmi Mathur, Ruchika Ramakrishnan, Sameer Aanand, Sanjay Kumar Goyal, Vandana Munjal Designation, Vijay Lakshmi Designation, Vikas Kumar Joshiya Teachers, Vipin Kumar Aggarwal, Vipin Kumar Aggarwal Officiating, essor Qualification, ile Dr, ile Mr, ile Ms","_comm@aurobindo.du.ac.in, _office@aurobindo.du.ac.in, admin@aryabhattacollege.ac.in, no.obe@srcc.du.ac.in, obe_students@spm.du.ac.in, obemarch2021@sscbsdu.ac.in, obexam@aurobindo.du.ac.in, principal@andc.du.ac.in, principal@aurobindo.du.ac.in, principal@db.du.ac.in, principal@rajdhani.du.ac.in, slcobe2020@shyamlal.du.ac.in",https://www.aurobindo.du.ac.in
Bhim Rao Ambedkar College,"Anish Gupta, Anula Maurya, Arvind Kumar Yadav, Atul Pratap Singh, Bhim Rao Ambedkar an, Bhim Rao Ambedkar with, Bishnu Mohan Dash, Deepali Jain, Indiwar mishra, Jitender Nagar, Kranti Deep Verma, Meenu Anand, Monica Ahlawat, Narender Thakur, Navin Kumar, Poonam Mittal, Rajbala Gauttam, Rakesh Shahani, Ravi Shankar Ravi, Ravindra Singh, Rohit Kumar Shrivastav, Sada Nand Prasad, Sheo Raj Singh, Sibabrata Das, Sujit Kumar and Prof, Tanmay Panda and Surjit, essal Virtual tour Online","_dbrau@dbrau.ac.in, admissionconvenor@bramb.du.ac.in, admissionhelpdesk@bramb.du.ac.in, agrc-sc-st-obc-ews-pwd@bramb.du.ac.in, agrc@bramb.du.ac.in, info@drbrambedkarcollege.ac.in, registrar.dbrau@dbrau.ac.in, vc@dbrau.ac.in",https://www.brac.ac.in
Kalindi College,"ANJALI BHATNAGAR, Amit Soni, Amulya Kumar Sahoo, Anil Kumar, Anula Maurya Professor Principal, Archana Tripathi, Asha Rani Professor, Asmi Raza Zakir Hussain, Chanchal Dr, Dhananjay Kumar, FirstName Meena LastName Charanda, ILE PROFORMA Title, Indu Kumari, Jyoti Dhawan Ms Vinita, Kamini Bhutani, Kanwaljeet Singh, Krishna Murari, Krishna Sharma Principal, Meena Charanda, Narendra Singh Professor Principal, Neha Sharma, Nidhi Kapoor Assistant Professor, Nikhil Talwar Associate Professor, PRACHI BAGLA, Piyush Gupta Professor Principal, Poonam Verma Professor Principal, Preeti Rajpal Singh Dr, Punita Agarwal, Punita Saxena, RANJEETA PHUKAN, Rajiv Chopra Principal, Rameshwar Rai Dr, Ranjana Roy Mishra COURSE, Ravi Shekhar Dr, Rita Bhatla, Ritika Grover, Roopali Goyanka Ms, Sandhya Garg Mr, Sandra Joseph Principal, Seema Sahdev, Shiv Kumar Sahdev Shivaji, Smita Meena, Sunil Kumar, Sunil koak, Sunita Aggarwal, Sushil Tiwari DR Sonu, Tej Singh Seminar, Utpal Kumar, Vibha Garg, Vidya Pradhan, ess proof, essional Development in Higher, essional SocietiesMemberships Member of, essor Permanent, essor Research Interests, essor permanent, ile Organisation","admission_ac@kalindi.du.ac.in, admissioninfo@jdm.du.ac.in, admissions@rajguru.du.ac.in, amita.walia@ihe.du.ac.in, chanchal_dagur@ihe.du.ac.in, durgesh@satyawatie.du.ac.in, gauri@ip.du.ac.in, grievance.ugcentre@ncweb.du.ac.in, helpdesk@hrc.du.ac.in, kamini.bhutani@bharati.du.ac.in, ncweb@aryabhattacollege.ac.in, ncweb@bn.du.ac.in, ncweb@lb.du.ac.in, ncweb@maitreyi.du.ac.in, ncweb@mirandahouse.ac.in, ncwebadmission@aurobindo.du.ac.in, ncwebhelpdesk@sggscc.ac.in, neha.sharma@keshav.du.ac.in, office@dsj.du.ac.in, principal@jmc.ac.in, principal@satyawati.du.ac.in, principal@sscbsdu.ac.in, principal@ucms.ac.in, ritikaseth@hrc.du.ac.in, shaileshdiwakar@ramjas.du.ac.in, spmc_ncweb@spm.du.ac.in, sunita.aggarwal@ihe.du.ac.in, ticncweb@rajdhani.du.ac.in, utpalkumar@kalindi.du.ac.in",https://www.kalindi.du.ac.in
Lakshmibai College,"Kavita Bhatt kavitabhatt, Nidhi Gupta nidhigupta, Raushan Khan raushankhan, Roshan Lal roshanlal, SAI LNCPE for the, Tripti Deo, Uma Soni umasoni, Vinay Kumar Mishra vinaykumarmishra, essional and personal counselling, fice in every quarters","administrationsection@lnipe.edu.in, alka@lb.du.ac.in, anitagoel@lb.du.ac.in, ankitkumar@lb.du.ac.in, aracademics@lnipe.edu.in, dealing1@lb.du.ac.in, dealing2@lb.du.ac.in, directoriqac@lnipe.edu.in, ict@lnipe.edu.in, info@lb.du.ac.in, kavitabhatt@lb.du.ac.in, latasharma@lb.du.ac.in, madhuaggarwal@lb.du.ac.in, monicajairam@lb.du.ac.in, monikakapoor@lb.du.ac.in, neeta@lb.du.ac.in, nehasingla@lb.du.ac.in, nidhigupta@lb.du.ac.in, poornimasunil@lb.du.ac.in, pvatsala@lb.du.ac.in, raushankhan@lb.du.ac.in, roshanlal@lb.du.ac.in, shumailanaaz@lb.du.ac.in, sudhir@lb.du.ac.in, umasoni@lb.du.ac.in, upasanagaggat@lb.du.ac.in, vanitaaggarwal@lb.du.ac.in, vinaykumarmishra@lb.du.ac.in",https://www.lakshmibai.ac.in
Delhi College of Arts and Commerce,"Ajay Kumar Singh, Ajay Kumar Singh Designation, Anita Professor anita, Anuj Jain Assistant Professor, Bijaya Thakur Professor bthakur, Chandan Kr, DCAC Convenor, ESSOR Address, First Name SRIKANT Last, Jyotsna Pathak, Kavita Sharma, Kishor Kumar Assistant Professor, Krishna Lal Dhingra, Madan Lal, Madan Lal Designation, Neena Paul, Neeru Kapoor Professor nkapoor, Niti Bhasin Sury, Rajiv Chopra, Rajiv Chopra Principal principaldcac, Rajiv Kr, Reetesh Kumar Singh, Sahil Khanna, Sangeeta Agrawal Assistant Professor, Shallu Khatri Assistant Professor, Srikant Pandey, Vijay Kumar Shrotryia, essal Submit Grievance, essor View Profile, essor bsjaryal, essor lalita, essor neha, essor rkgoel, ile Assistant Professor, orma Page","amit.yadav@dcac.du.ac.in, anita@dcac.du.ac.in, anuj.jain@dcac.du.ac.in, bsjaryal@dcac.du.ac.in, bthakur@dcac.du.ac.in, head@commerce.du.ac.in, jpame@dcac.du.ac.in, jyotsna.pathak@dcac.du.ac.in, kishor.kumar@dcac.du.ac.in, kldhingra@dcac.du.ac.in, lalita.kumari@dcac.du.ac.in, nalini.goyal@dcac.du.ac.in, neha.agarwal@dcac.du.ac.in, nkapoor@dcac.du.ac.in, principal@satyawati.du.ac.in, rkgoel@dcac.du.ac.in, sangeeta.gupta@dcac.du.ac.in, shallu.9891@dcac.du.ac.in, skumar@dcac.du.ac.in, soadmin@arsd.du.ac.in, spandey@dcac.du.ac.in",https://www.dcac.du.ac.in
Jamia Millia Islamia,"Abuzar Khairi, Ahmad Azeem, Ataur Rahman, Ghazala Siddiqi, Ghulam Yazdani, Iqtidar Mohd, Kanchan Bhardwaj, MA Ansari, Mazhar Asif Vice Chancellor, Mini Shaji Thomas, Naved Jamal, Neelofer Afzal, Saeed Uddin, Saima Saeed, Sara Begum, Shakeb Ahmad Khan, Zakir Husain Hall of, eam was to found, essor Mazhar Asif Bio, ile View Full Profile",sknaqvi@jmi.ac.in,https://www.jmi.ac.in
Jawaharlal Nehru University,"Santishree Dhulipudi Pandit Vice, essor ankitchaudhary, essor ayushibarthwal, essor mkgiluka, essor prerana, op date for Winter",anup.kusal@mail.jnu.ac.in,https://www.jnu.ac.in
Delhi Technological University,"Aakansha Kaushik, Anshul Arora, Anu Singh Lather Pro, Anup Mandpura, Anurag Goel, Davendra Kumar, Deepali Malhotra, Dinesh Chutani, Girish Kumar, Minni Sreejeth, Prateek Sharma Exact Designation, Prateek Sharma Hon, Rahesh Rohilla, Rajesh Birok, Rajesh Rohilla Head of, Rajeshwari Pandey, Ram Singh, Raminder Kaur, Richa Srivastava, Rinku Sharma, Secretary Finance, Shailender Kumar, Vanjari Venkata Ramana, Vasant Matsagar, Vinod Singh, Vishal Verma, Yasha Hasija, Yashna Sharma, Yogesh Singh Dr, Yogesh Singh Vice, Yogesh Singh Vice chancellor, ess Shahbad Daulat Pur, ess of the Institution, ess of the Organization","anshularora@dtu.ac.in, anunaygour@dtu.ac.in, anurag@dtu.ac.in, bt.placements@dtu.ac.in, ce.placements@dtu.ac.in, ceo.dtuiif@dtu.ac.in, coe.placements@dtu.ac.in, coo@dtu.ac.in, coordinator.ia@dtu.ac.in, dean.facultyaffairs@dtu.ac.in, dean.ia@dtu.ac.in, deepalimalhotra@dtu.ac.in, dineshkumar@dtu.ac.in, ece.placements@dtu.ac.in, ee.placements@dtu.ac.in, ep.placements@dtu.ac.in, girishkumar@dce.ac.in, head.cc@dtu.ac.in, kanup@dtu.ac.in, mc.placements@dtu.ac.in, me.placements@dtu.ac.in, minisreejeth@dce.ac.in, msc.placements@dtu.ac.in, mtech1.placements@dtu.ac.in, mtech2.placements@dtu.ac.in, pkgoyal@dtu.ac.in, placements@dce.ac.in, placements@dtu.ac.in, psct.placements@dtu.ac.in, system.manager@dtu.ac.in, trashagupta@dtu.ac.in, vcdtu@dtu.ac.in, vishalverma@dce.ac.in",https://www.dtu.ac.in
Indraprastha Institute of IT,"Abha Vermani Jt, Amit Prakash Singh, Anuj Grover, Anup Singh Beniwal, Arvinder Kaur, Ashok De Principal Ph, Gagan Deep Sharma, Gaurav Ahuja, Kalpana Shankhwar, Kamal Pathak, Meenu Kapoor, Nimisha Sharma, Rakesh Kumar, Sanjay Dhingra, Udayan Ghose, Vandana Singh, Varun Joshi, aprastha Institute of Information, ess Indraprastha Institute of, ess Name of the, esses General Information info, orma for Existing Institutes","admin-academic@iiitd.ac.in, admin-btech@iiitd.ac.in, admin-mtech@iiitd.ac.in, admin-phd@iiitd.ac.in, admin-placement@iiitd.ac.in, admin-web@iiitd.ac.in, affiliation@ipu.ac.in, anuj@iiitd.ac.in, ayjihh@nic.in, director@bcihmct.ac.in, director@bciit.ac.in, director@bcip.ac.in, doaa@iiitd.ac.in, gaurav.ahuja@iiitd.ac.in, info@iiitd.ac.in, int-admissions@iiitd.ac.in, kalpana@iiitd.ac.in, prachi@iiitd.ac.in",https://www.iiitd.ac.in
Amity University Delhi,"Ajit kumar Anandrao Dange, Anoop Swarup Vice Chancellor, ESSOR Institution Name, Hrridaysh Deshpande Vice Chancellor, Mahabir Yadav, Mamta Aggarwal, Manisha Minocha, Nisha Goel, Pankaj Chandra Vice Chancellor, Pramod Kumar Vice Chancellor, Prem Parkash, Rajendra Kumar Pandey Vice, Ranjana Bhatia, Shyama Prasad Mukherji Governing, Sunil Kumar Vice Chancellor, Suranjan Das Vice Chancellor, Usha Rai Negi Assistant, ajit Gupta Marg New, ess Name of the, essal Form Appointment","nisha@spm.du.ac.in, research@jlu.edu.in, vc@admin.jdvu.ac.in, vc@ahduni.edu.in, vc@jlu.edu.in",https://www.amity.edu
Guru Gobind Singh Indraprastha Uni,"Abha Vermani Jt, Amarjeet Kaur, Amit Prakash Singh, Anjali Shokeen, Arvinder Kaur, Ashish Payal, Ashok De Principal Ph, Gagan Deep Sharma, Gulshan Kumar, Mamta Aggarwal, Manisha Minocha, Meenu Kapoor, Mithilesh Kumar Sinha, Nimisha Sharma, Promila Gupta, Rakesh Kumar, Sanjay Dhingra, Shruti Aggarwal, Sushma Drabu, Udayan Ghose, Varun Joshi, Vijita Singh Aggarwal, ess Name of the, ile Page, orma for Existing Institutes","affiliation@ipu.ac.in, ayjihh@nic.in, meribs@meri.edu.in",https://www.ipu.ac.in
Lady Irwin College,"Anupa Siddhu, Anupa Siddhu Official Email, Bhagwan Deen, Deepali Rastogi, Email id, Manisha Sabharwal has held, Manishal Sabharwal, Poonam Singh Qualification, Sangeeta Goomer Qualification, Sushma Goel, Sushma Goel Designation, essor Dr, essor manisha, iles in social media, is the principal academic, ug Safety",sushma.goel@lic.du.ac.in,https://www.ladyirwin.edu.in
College of Vocational Studies,"Animesh Mohapatra, Anuja Aggarawal, Devendra Kumar, Gagan Dhawan, Mamta Sahrawat, Manoj Kumar, Nalin Kumar, Payal Mago, Puja Gupta, Reetu Sharma, Rekha Saxena, Roshni Rajamohan Mathur, Sanjay Kumar Goyal, Sanjay Roy, Sanjay Tandon, Sanjeev Singh, Satish Kumar, Seema Rani, Uma Shanker Singh, Vandana Sharma, Varinder Kumar, Vikas Kumar, essionals and inspiring role","_colleges@admin.du.ac.in, _council@admin.du.ac.in, _fot@du.ac.in, deepak.jaiswal@rajguru.du.ac.in, drcobe2021@dr.du.ac.in, exam2020@satyawati.du.ac.in, examination@cvs.du.ac.in, gagandhawan@andc.du.ac.in, head@socialwork.du.ac.in, nodalofficerexam@sbs.du.ac.in, nodalofficerexam@sbse.du.ac.in, nodalofficerexams@db.du.ac.in, obe4_scripts@satyawatie.du.ac.in, obe@aryabhattacollege.ac.in, obe@dcac.du.ac.in, obe@ddu.du.ac.in, obe@ramanujan.du.ac.in, obeexam@arsd.du.ac.in, obemarch21@bramb.du.ac.in, obemarch21@ramjas.du.ac.in, obtexaminations2020@bharati.du.ac.in, seemarani@aditi.du.ac.in, so@fot.du.ac.in, umashanker.history@dsc.du.ac.in",https://www.cvs.du.ac.in
Zakir Husain Delhi College,"Ashima Khurana, Dhiraj Kumar Singh, Divya Tiwari, Imran Khan, Laxmikanta Padhi, Narendra Singh, Narendra Singh Bursar, Narendra Singh Principal Zakir, Rajeev Kamal Kumar, Ravi Shekhar, Ritu Mathur, Ruchi Singh, Sandipani Dash, Sarita Sarsar, Shehnaz Ara begum, Varun Gulati, ess Tel, ess way Jawaharlal Nehru, essal Cell, essor Narendra Singh Principal","admission@zh.du.ac.in, editorsmj@zh.du.ac.in, grievanceadmission2024@zh.du.ac.in, lkpadhi@nbu.ac.in, principal@zh.du.ac.in, principal@zhe.du.ac.in, ravishekhar@mail.jnu.ac.in, sdash@as.du.ac.in, vgulati@english.du.ac.in, zhdc@zh.du.ac.in",https://www.zhdc.ac.in
Satyawati College,"Anupam Jha, Chitra Mishra Member chitramishra, Durgesh Verma, Email Id, Hari Mohan Sharma, Pamela Singla, Ratnesh Kumar Tripathi, Subhash Kumar Singh","_accounts@satyawatie.du.ac.in, agiri@satyawati.du.ac.in, ajha@law.du.ac.in, akhileshyadav@satyawati.du.ac.in, ao@satyawatie.du.ac.in, durgesh@satyawatie.du.ac.in, nita@satyawatie.du.ac.in, nthakur@satyawatie.du.ac.in, pawankumar@satyawati.du.ac.in, principal@satyawati.du.ac.in, principal@satyawatie.du.ac.in, rajenderram@satyawati.du.ac.in, sta@satyawatie.du.ac.in, sukaiprasad@satyawati.du.ac.in, sumitchauhan@satyawati.du.ac.in",https://www.satyawati.du.ac.in
Vivekananda College,"Bhaskar Mahanayak Principal Vivekananda, Dhanpati Devi Kashyap, HINA NANDRAJOG, Jayeeta Bhattacharjee, Pinki Maurya, Rajni Jindal, Sanjeev Kaushik, Shivani Dubey, Veena Jain, Yuthika Mishra","anitabakshi@vivekanand.du.ac.in, chiranjilal@vivekanand.du.ac.in, javed@vivekanand.du.ac.in, principal@vivekanand.du.ac.in, principal@vivekanandacollege.ac.in, shivanidubey@vivekanand.du.ac.in, sureshyadav@vivkekanand.du.ac.in, vivac2008@vivekanand.du.ac.in",https://www.vivekananddcollege.ac.in
Shivaji College Delhi,"ESSOR Address DEPT, ESSOR DEPT, Internship Scheme Principal Internship, Kiran Chaudhary, Neetu Rani, PANJABRAO DESHMUKH, Panjabrao Deshmukh, Rajneesh Sharma Assistant Engineer, Rangnath Ravi Representative from, Sunil Kumar Sharma, Tejbir Singh Rana Teacher, Virender Bhardwaj, Virender Bhardwaj Vice","accountssection@shivaji.du.ac.in, adminsection@shivaji.du.ac.in",https://www.shivaji.du.ac.in
Loyola College,"ALPHONSE MANICKAM, ile Guidelines Facilities Facilitators, ug Club Life Skill",principal@loyolacollege.ac.in,https://www.loyolacollege.edu
Presidency College,"Vijayalakshmi Srinivas, ess or phone number","admissions@presidency.edu.in, coe@presiuniv.ac.in, contact@presidency.edu.in, contactus@pcc.ac.in, dean.students@presiuniv.ac.in, fo@presiuniv.ac.in, hod.econ@presiuniv.ac.in, hod.eng@presiuniv.ac.in, hod.geog@presiuniv.ac.in, hod.geol@presiuniv.ac.in, hod.hindi@presiuniv.ac.in, hod.his@presiuniv.ac.in, hod.phil@presiuniv.ac.in, hod.physics@presiuniv.ac.in, hod.polsc@presiuniv.ac.in, hod.soc@presiuniv.ac.in, hod.stats@presiuniv.ac.in, iqac@presiuniv.ac.in, pritha@presiuniv.ac.in, sec.registrar@presiuniv.ac.in, secretary.fa@presiuniv.ac.in, sr.systemanalyst@presiuniv.ac.in, vc.office@presiuniv.ac.in",https://www.presidencychennai.ac.in
Stella Maris College,"al Road, al Road Chennai, essor Dept, is the academic head","coe@stellamariscollege.edu.in, deepasri@stellamariscollege.edu.in, info@rishikulvidyapeeth.edu.in",https://www.stellamariscollege.edu.in
PSG College of Arts and Science,"Sales Head, ess Post Box, essionals Check the Email, ome Post","deanoffice@psgimsr.ac.in, firstname.lastname@psgcas.ac.in, firstname@psgcas.ac.in, lastname@psgcas.ac.in, principal@psgcas.ac.in",https://www.psgcas.ac.in
Govt. Arts College,"ate of Collegiate Education, essionals to offer their, ile politicians are alumni",gack@gackarur.ac.in,nan
Madras Christian College,"Address including Telephone, ESSAL MECHANISM that provides, Paul Wilson, and Secretary, and Secretary of Madras, as Address, en to be leaders, ess including Telephone, ess of the Institution, ess of the Organization, ess of the Trust, ess of the Vice, essional Activities, investigator for Projects funded, its trajectory with regard, please make an appointment","director@mccbtsb.edu.in, principal@mcc.edu.in, wilson@mcc.edu.in",https://www.mcc.edu.in
Vellore Institute of Technology,"Assistant Vice, MGR Block Vellore Institute, MGR block Vellore Institute, Rajan Babu","director.ir@vit.ac.in, placement@vit.ac.in, rseenivasan@vit.ac.in",https://www.vit.ac.in
Annamalai University Constituent Coll,"ATE OF ACADEMIC RESEARCH, DC Sponsored, Govi Chezhiaan, ate of Distance Education, ess and phone numbers, essor of Entomology",,https://www.annamalaiuniversity.ac.in
Sri Ramakrishna College of Arts,"Chitra also contributes as, Chitra is recognized by, Krishnapriya Phone No, and Secretary Does the, ess Nava India Bus, essal Cell, essing both national and, essional bodies, essional skills and an, of Management Studies at, the institution Dr","office@srcas.ac.in, principal@srcas.ac.in, principal@srcw.ac.in",https://www.srcas.ac.in
Womens Christian College,"EW BISWAS Read More, OF WCC, Ridling Margaret Waller principal, ile Mapping Journal Fees, iven graduates who will","info@wcc.edu.in, principal@wcc.edu.in, pro@wcc.edu.in",https://www.wcc.edu.in
IIT Madras,"AS WELLNESS INITIATIVE, Greetings to all, as Bioincubator IIT Madras, as Research PArk IIT, as Research Park, as as we look, as by the Numbers, as for their continuing, as has an array, as is an autonomous, of this prestigious institute","dostoffice@smail.iitm.ac.in, partner@ia.iitm.ac.in, sunitha@ia.iitm.ac.in",https://www.iitm.ac.in
Anna University,"Hansa Lysander Manohar, ess Sardar Patel Road, essor Dept, essor Dr, of ISRO Inertial Systems, of Vikram Sarabhai Space",,https://www.annauniv.edu
University of Madras,"AS INSTITUTE OF DISTANCE, as Arrow, as Employee, as get free account, ile photo",,https://www.unom.ac.in
Pachaiyappa's College,"Associate Professor and Head, Baby Gulnaz Principal, as to be established, essor and Head, essor of Economics, of Physical Education",,https://www.pachaiyappascollege.org
Government Arts College Chennai,"Ambedkar Govt, itable Charitable Trust, principal Dr",principal@sias.edu.in,https://www.gac.ac.in
Queen Mary's College,"Maria Preethi Srinivasan, Mary Anne Joseph, Progress Tracking Deputy, as Accredited by NAAC, essional teacher education and, essor Peter Finn KSG, essor Qualification, of St Mary","coe@queenmaryscollege.edu.in, contact@queenmaryscollege.edu.in, placementcell@queenmaryscollege.edu.in, principal@queenmaryscollege.edu.in",https://www.qmc.ac.in
Lady Doak College,"Arockia Shyamala Paniyarasi, As we mark another, Beulah Jeyashree, Esther Elizabeth Grace, Esther Rani, Helen Mary Jacqueline, Jessie Ranjitha Jebaselvi, Jullie Prathiba, Mercy Packiam, Nimma Elizabeth, Praveena Kirubabai, Priscilla Paul, Priyatharsini Rajendran, The Principal is the, Vanitha Malarvizhi, and Secretary, and Secretary Dr, entrusted with the privilege","ldcmadurai.btisnet@nic.in, mownasundari@ldc.edu.in",https://www.ladydoakcollege.edu.in
American College Madurai,"Buddhin Gogoi, Puja Vij, at Gujrat polytechanic, essor Liss, essor and Head at",acmdu1881@americancollege.edu.in,https://www.americancollege.edu.in
Madurai Kamaraj University College,"Centre for Distance and, ate of Distance Education, essal Portal","ddegrievance@mkuniversity.ac.in, vcmku@mkuniversity.ac.in",https://www.mkuniversity.ac.in
Thiagarajar College,"Rajaram completed his Ph, essor and Associate HoD, iven Sustainability","helpdesk@stcchennai.edu.in, principal@stcchennai.edu.in",https://www.tcarts.ac.in
Sri Krishna College of Engineering,"Academic Audit Cell, Address including Telephone, Ramesh Kumar, afted Choice Based Credit, ess Anti, ess of the Institution, ess of the Trust, ess of the Vice, essal Mechanism to address, ession Mobile Number, ile of Principal Name","19epci024@skcet.ac.in, ananthjp@skcet.ac.in, hemavathir@skcet.ac.in, info@skcet.ac.in, jjanet@skcet.ac.in, karthik@skcet.ac.in, kavitham@skcet.ac.in, maruthachalamd@skcet.ac.in, muthukrishnanr@skcet.ac.in, principal@skcet.ac.in, ragaviv@skcet.ac.in, raja@skcet.ac.in, ratheeshkumar@skcet.ac.in, rdoco.tncbe@gov.in, s@skcet.ac.in, sophia@skcet.ac.in, subhashinin@skcet.ac.in",https://www.skcet.ac.in
Kumaraguru College of Technology,"Bala Shanti Programme, KCT TXT, KCTBS Institutional Leadership Academic, essor BioTech, essor Civil, essor ECE, for over, ile photo","chaarvika.20is@kct.ac.in, giftlindevapriya.20ec@kct.ac.in, kavitha.k.ece@kct.ac.in, kumaravel.k.bt@kct.ac.in, mohankumar.t.osa@kct.ac.in, mushitha.21ei@kct.ac.in, principal@kct.ac.in, ramadevi.k.ce@kct.ac.in, rithika.19ec@kct.ac.in, sarighasriram.20ee@kct.ac.in",https://www.kct.ac.in
Kongu Engineering College,"ESSOR STRUCTURAL ENGINEERING, ESSOR VLSI DESIGN Staff, General of TamilNadu NCC, KAILASAM MANOJ SENTHIL ASST, Phone number with STD, an Non Teaching representative, an Sr, an View Post Activity, an is an Associate, ess Guindy, ess of the Institution, ess of the Principal, ess of the Trust, ess of the organization, essal Mechanism Name of, essal reviewed in meetings, ession Phone Dr, ession Phone Number Dr, essor working in the, ile of Principal Name","gmece@kongu.ac.in, keciipc@kongu.ac.in, placement@kongu.ac.in, principal@kongu.ac.in, principal@kongupolytechnic.ac.in, sho.perunthurai@tncctnc.gov.in, suganthe_rc@kongu.ac.in, visu@kongu.ac.in",https://www.kongu.edu
Salem College,"Profile Strategic Plan Organogram, ess of the Institution, ess tspt, essal Policy Anti Ragging, ile Why AVS, of Back Porch Consulting, of Enrollment Management for, of this esteemed institution",principal@avsenggcollege.ac.in,https://www.salemcollege.ac.in
Periyar University College,"National Institute of Science, Parthasarathi Ramakrishan Principal Scientist, ess Address, essor and Head, essor of Commerce Pondicherry, of Collegiate Education, of Medical Education, of Technical Education Guindy","dme@tn.gov.in, sanuj@nic.in, saravana68@periyaruniversity.ac.in, usha@sonatech.ac.in",https://www.periyaruniversity.ac.in
Bishop Heber College,"John Raybin Jose Head, Joseph Ambrose, Margaret Suganthi, Pauline Sathiamurthy who later, Roopkumar Balasingh, essional and social skills, essionals to provide an, essor Emeritus by the",,https://www.bishophebercollegetry.ac.in
National College Tiruchirappalli,"PRASANNA BALAJI, SENTHIL KUMAR","info@nct.ac.in, principal@nct.ac.in",https://www.nationalcollegetrichy.ac.in
Bharathidasan University College,Centre for Distance and,"admissions@bdu.ac.in, bsm@bdu.ac.in, cdap@bdu.ac.in, cde@bdu.ac.in, com@bdu.ac.in, dduinfo@bdu.ac.in, drbabu@bdu.ac.in, gayathri.j@bdu.ac.in, ped@bdu.ac.in, webmaster@bdu.ac.in",https://www.bdu.ac.in
Jamal Mohamed College,"ess Address Address Address, ess Powered By iLife",,https://www.jmc.edu.in
Holy Cross College,"Josephine Lourdes De Rose, Man in, Mary Jayanthi, Mary Mejrullo Merlin, Paulin Edwidge Mary, Public Consulting Group, Ruby Merlin, Turin Martina, Umera Begam, and Head of Commodities, op Us",office@hcctrichy.ac.in,https://www.holycrosstry.edu.in
Sathyabama Institute of Science,"Centre For Distance And, DO Min, Jeppiaar Research Center, Preethi Sheshadri Associate Professor, Thave gone through the, essor Centre for Academic, essor of Chemistry, of Centre for Distance, of Centre of Online, ruaybdhan Dr","bharathi.cse@sathyabama.ac.in, deanresearch@sathyabama.ac.in, directorresearch@sathyabama.ac.in, info.spd@sathyabama.ac.in, internationalrelations@sathyabama.ac.in, kishoresonti.ece@sathyabama.ac.in, registrar@sathyabama.ac.in, vc@sathyabama.ac.in",https://www.sathyabama.ac.in
Saveetha Engineering College,"Asha Sundaram, Gunita Arun Chandhok, and HoD, at KGISL INSTITUTE OF, awn from any part, en of today through, essional inquiries, essor and Head at, my role is to","admission@saveetha.ac.in, coe@saveetha.ac.in",https://www.saveetha.ac.in
Sri Sairam Engineering College,ess SRI SAI RAM,"admissions@sairamce.edu.in, alumni@sairamce.edu.in, arc@sairamce.edu.in, arunkumar@sairamce.edu.in, career@sairam.edu.in, contact@sairamce.edu.in, dean.tap@sairam.edu.in, hod.civil@sairam.edu.in, hod.cs@sairamce.edu.in, hod.cse@sairam.edu.in, hod.ec@sairamce.edu.in, hod.ece@sairam.edu.in, hod.ee@sairamce.edu.in, hod.hs@sairam.edu.in, hod.mba@sairamce.edu.in, hod.me@sairamce.edu.in, info@sairamce.edu.in, placement@sairamce.edu.in, principal@sairamce.edu.in, sairam@sairam.edu.in, sairamplacement@sairam.edu.in",https://www.sairam.edu.in
Vel Tech University,"HR Head, ess EAST ENTRANCE No, ess Research Park","firstname.lastname@veltech.edu.in, firstname@veltech.edu.in, lastname@veltech.edu.in",https://www.veltech.edu.in
SSN College of Engineering,"Martha Karunakar Associate Professor, ess on November, ile pages","info@ssn.edu.in, kaythryp@ssn.edu.in, ramprabhus@ssn.edu.in",https://www.ssn.edu.in
Ethiraj College for Women,"Basuthkar Jagadeeshwar Rao Vice, ESSOR FINANCE AND MARKETING, GOMATHY DEVARAJ, JOY ANAND, NIRMALA AIYASAMI, SRILEKHA JOTHILINGAM, Swati Pal Principal, Swati Paliwal, and Social Activist, essor Years of Experience","malini_s@ethirajcollege.edu.in, mopvaishnav@mopvc.edu.in, principal@ethirajcollege.edu.in",https://www.ethirajcollege.edu.in
Dr. Ambedkar Govt. Arts College,"Ambedkar Govt, ile of the Institution, itable micro enterprise for",office@dagac.edu.in,https://www.ambedkararts.ac.in
Govt. Arts College Nandanam,"ESSOR DEPT, essor Govt, principal Dr",office@dagac.edu.in,nan
Rajalakshmi Engineering College,"ESS Rajalakshmi Institutions Head, General of Police, ILE OF THE AFFILIATED, Johanna RajKumar Telephone with, Johanna Rajkumar, Vijayalakshmi Loganathan, ess RAJALAKSHMI NAGAR, essionally excellent institution, essionals and individuals, essor Emeritus","admin@rajalakshmi.edu.in, cityoffice@rajalakshmi.edu.in, hod.mech@rajalakshmi.edu.in, placement@rajalakshmi.edu.in",https://www.rajalakshmi.org
Govt. Arts College Coimbatore,"Read More Student Grievance, Sudheer Mohammad, essal Cell Amenities Milestones, essional behaviours for, essionals to offer their, ile politicians are alumni",gack@gackarur.ac.in,nan
